pop,lat,long,FGC,clit,exc,inf,MGC,cir,sup,sex_norms,male_segr,class,caste,high_gods,dist,patriloc,patrilin,past,ext_agric,int_agric,bride_pr,chiefdoms,states
Nama,-26.5,17.1,0,0,0,0,0,0,0,0,0,1,0,0,0,1,1,1,0,0,0,1,0
Kung,-19.5,18.3,0,0,0,0,0,0,0,1,0,0,0,1,0,0,0,0,0,0,0,0,0
Tsonga,-25.4,32.8,1,1,0,0,1,1,0,0,1,1,0,0,1,1,1,0,1,0,1,1,0
Lozi,-17.47,24.3,0,0,0,0,0,0,0,1,0,1,0,0,1,1,0,0,0,1,0,0,1
Umbundu,-12.5,16.3,1,1,0,0,1,1,0,1,0,1,0,0,1,1,0,0,1,0,1,1,0
Suku,-6.1,18.1,0,0,0,0,1,1,0,1,0,1,0,0,1,1,0,0,1,0,1,0,1
Bemba,-9.8,29.08,0,0,0,0,0,0,0,1,1,1,0,1,1,0,0,0,1,0,0,1,0
Nyakyusa,-9.3,34.7,0,0,0,0,0,0,0,1,1,0,0,0,1,0,0,0,0,1,1,1,0
Hadza,-3.9,35.6,0,0,0,0,0,0,0,0,0,0,0,0,0,0,0,0,0,0,1,0,0
Luguru,-6.8,37,1,0,1,0,1,1,0,0,0,0,1,0,0,0,0,0,1,0,1,0,0
Kikuyu,-0.5,37.45,1,1,1,0,1,0,1,0,1,1,0,1,1,1,1,0,0,1,1,0,0
Ganda,0,32.4,0,0,0,0,0,0,0,1,0,1,0,0,1,0,1,0,0,1,1,0,1
Efe_Pygmy,2.1,28,0,0,0,0,1,1,0,0,1,0,0,0,0,0,0,0,0,0,0,0,0
Mongo_Nkundo,-1.9,18.1,1,0,1,0,1,1,0,0,0,0,1,0,1,1,0,0,1,0,1,1,0
Tunen,4.4,10,0,0,0,0,1,1,0,0,1,0,0,0,1,1,1,0,1,0,0,0,0
Tiv,6.47,7.55,0,0,0,0,1,1,0,0,0,0,0,0,1,1,0,0,1,0,0,1,0
Igbo,4.85,7.02,1,0,1,0,1,1,0,1,0,0,0,0,1,1,1,0,1,0,1,1,0
Ashanti,6.72,-1.6,0,0,0,0,0,0,0,1,1,1,0,0,1,1,0,0,1,0,1,1,0
Mende,7.53,-12.5,1,0,1,0,1,1,0,0,1,1,0,0,1,1,1,0,1,0,1,1,0
Wolof,13.53,-14.77,0,0,0,0,1,1,0,1,0,1,1,1,1,1,0,0,1,0,1,1,0
Bambara,12.9,-7.3,1,1,1,1,1,1,0,1,1,1,1,0,1,1,1,0,0,1,1,1,0
Fulani,13.78,8.98,0,0,0,0,1,1,0,0,0,0,0,1,1,1,1,1,0,0,1,1,0
Hausa,10.6,7.45,1,0,0,1,1,1,0,1,0,1,1,1,1,1,1,0,0,1,1,0,1
Masana,10.2,15.3,0,0,0,0,0,0,0,0,1,0,0,0,1,1,1,0,0,1,1,0,0
Shilluk,9.8,32.1,0,0,0,0,0,0,0,1,0,1,0,0,1,1,1,0,1,0,1,1,0
Maasai,-3.33,36.62,1,0,1,1,1,0,1,0,1,0,1,1,1,1,1,1,0,0,1,1,0
Konso,5.28,39.75,0,0,0,0,1,0,1,1,0,1,1,0,0,0,1,0,0,1,0,0,0
Somali,9.52,45.57,1,0,0,1,1,0,1,1,1,1,1,1,1,1,1,1,0,1,1,1,0
Amhara,14.1,38.8,1,1,0,0,1,1,0,1,0,1,1,1,0,0,0,0,0,1,0,0,1
Tuareg,22.78,5.52,0,0,0,0,1,1,0,1,0,1,1,1,0,1,0,1,0,1,1,1,0
Berber,34,-5,0,0,0,0,1,1,0,1,0,1,1,1,0,1,1,0,0,1,1,1,0
Egyptian,23.97,32.78,1,1,1,0,1,1,0,1,0,1,1,1,0,1,1,0,0,1,1,0,1
Mizrahi_Jew,31.87,35.22,0,0,0,0,1,1,0,1,0,1,0,1,0,1,1,0,0,1,1,1,0
Rwala_Bedouin,34.55,38.3,0,0,0,0,1,1,0,1,0,1,1,1,1,1,0,1,0,0,1,1,0
Turk,40,32.9,0,0,0,0,1,1,0,1,0,1,0,1,0,1,1,0,0,1,1,0,1
Albanian,41.33,19.78,0,0,0,0,0,0,0,1,0,0,0,1,0,1,0,0,0,1,1,1,0
Latin,41.67,12.23,0,0,0,0,0,0,0,1,0,1,0,0,0,0,0,0,0,1,0,0,1
Basque,41.67,-1,0,0,0,0,0,0,0,1,0,1,0,1,0,0,0,0,0,1,0,0,1
Irish,52.7,-8.92,0,0,0,0,0,0,0,1,0,1,0,1,0,1,0,0,0,1,0,1,0
Saami,68.45,22.5,0,0,0,0,0,0,0,0,0,1,0,1,0,0,0,1,0,0,0,0,0
Nenets,67.58,52.17,0,0,0,0,0,0,0,1,0,1,0,1,0,1,1,1,0,0,1,0,0
Russian,52.73,41.47,0,0,0,0,0,0,0,1,0,1,0,1,0,0,0,0,0,1,0,0,1
Abkhaz,42.52,41.88,0,0,0,0,0,0,0,1,0,1,0,1,0,1,1,1,0,1,0,1,0
Armenian,40.82,44.5,0,0,0,0,0,0,0,0,0,1,0,1,0,0,0,0,0,1,0,0,1
Kurd,35.47,44.4,1,1,0,0,1,1,0,1,0,1,0,1,0,1,0,0,0,1,1,1,0
Punjabi,31.63,74.87,0,0,0,0,0,0,0,1,0,1,1,1,0,1,1,0,0,1,0,0,1
Gondi,19.08,82.03,0,0,0,0,0,0,0,0,1,1,1,1,0,1,1,0,1,0,1,1,0
Toda,11.25,75.78,0,0,0,0,0,0,0,0,0,0,0,0,0,1,0,1,0,0,0,1,0
Santhali,24.27,87.25,0,0,0,0,0,0,0,1,0,0,0,0,0,1,1,0,0,1,1,1,0
Burusho,33.92,73.38,0,0,0,0,1,1,0,1,0,1,1,1,0,1,1,0,0,1,0,1,0
Kazakh,43.23,76.93,0,0,0,0,1,1,0,1,0,1,0,1,0,1,1,1,0,0,1,0,1
Khalka_Mongolian,47.6,95,0,0,0,0,0,0,0,1,0,1,0,1,0,1,0,1,0,0,1,0,1
Yi,28.8,104.6,0,0,0,0,0,0,0,0,0,1,1,0,0,1,1,0,0,1,1,0,0
Lepcha,27.73,89.08,0,0,0,0,0,0,0,0,0,1,1,1,0,1,1,0,0,1,1,1,0
Garo,25.57,91.88,0,0,0,0,0,0,0,0,0,1,0,0,0,0,0,0,1,0,0,1,0
Chin_Mara,22.63,92.2,0,0,0,0,0,0,0,0,1,1,0,1,0,1,1,0,1,0,1,1,0
Burmese,21.98,96.1,0,0,0,0,0,0,0,1,0,1,0,0,0,0,0,0,0,1,0,0,1
Lamet,19.92,99.8,0,0,0,0,0,0,0,0,1,1,0,0,0,1,1,0,1,0,1,0,0
Vietnamese,20.8,106.63,0,0,0,0,0,0,0,1,0,1,0,0,0,1,1,0,0,1,0,0,1
Rade,12.68,108.08,0,0,0,0,0,0,0,0,0,1,0,0,0,0,0,0,1,0,0,0,0
Thai,13.73,100.57,0,0,0,0,0,0,0,1,0,1,0,0,0,0,0,0,0,1,0,0,1
Jehai,4.57,101.1,0,0,0,0,0,0,0,1,0,0,0,1,0,1,0,0,0,0,0,0,0
Nicobarese,11.67,92.72,0,0,0,0,0,0,0,0,0,0,0,0,0,0,0,0,0,0,0,0,0
Andamanese,11.67,92.72,0,0,0,0,0,0,0,0,1,0,0,0,0,0,0,0,0,0,0,0,0
Vedda,7.72,81.7,0,0,0,0,0,0,0,1,0,0,0,0,0,0,0,0,0,0,0,0,0
Malagasy,-21.2,48.37,0,0,0,0,1,1,0,0,0,1,0,0,1,1,0,0,0,1,0,1,0
Javanese,-7.6,112.3,1,1,0,0,1,1,0,1,0,1,0,0,0,0,0,0,0,1,0,0,1
Balinese,-8.75,115.17,0,0,0,0,0,0,0,0,0,1,1,0,0,1,1,0,0,1,0,0,1
Iban,2.33,111.83,0,0,0,0,0,0,0,1,0,0,0,0,0,0,0,0,1,0,0,0,0
Bajau,6,121,1,1,0,0,1,0,1,1,0,1,0,0,0,0,0,0,0,0,1,0,0
Toraja,-3,120.2,0,0,0,0,1,0,1,0,0,1,0,0,0,0,0,0,1,0,1,1,0
Alorese,-8.57,125.57,1,1,0,0,1,1,0,1,0,1,0,0,0,0,0,0,1,0,1,1,0
Tiwi,-11.32,131.77,0,0,0,0,0,0,0,1,1,0,0,0,0,0,0,0,0,0,1,0,0
Arrernte,-23.8,133.9,1,0,0,0,1,1,0,1,0,0,0,0,0,1,0,0,0,0,0,0,0
Kapauku,-0.88,134.05,0,0,0,0,0,0,0,0,1,1,0,0,0,1,1,0,1,0,1,1,0
Manus,-2.07,147.43,0,0,0,0,0,0,0,1,1,1,0,0,0,1,0,0,0,0,0,0,0
Notsi,-2.3,151,0,0,0,0,1,0,1,0,1,0,0,0,0,0,0,0,0,0,1,0,0
Kilivila,-8.38,151.4,0,0,0,0,0,0,0,0,1,1,0,0,0,1,0,0,0,0,0,1,0
Siwai,-8.33,157.27,0,0,0,0,0,0,0,1,0,1,0,0,0,1,0,0,0,0,1,0,0
Tikopia,-13.85,167.55,0,0,0,0,1,0,1,0,0,1,0,0,1,1,0,0,0,0,0,1,0
Fijian,-18.1,178.4,0,0,0,0,1,0,1,0,1,1,0,0,0,1,1,0,0,0,1,1,0
Maori,-35.13,173.27,0,0,0,0,0,0,0,0,0,1,0,0,0,1,0,0,1,0,0,1,0
Marquesan,-8.9,-140,0,0,0,0,1,0,1,0,0,1,0,0,0,1,0,0,0,0,0,1,0
Samoan,-13.8,-171.78,0,0,0,0,1,0,1,0,0,1,0,0,0,0,0,0,0,0,0,1,0
Kiribati,3.03,172.78,0,0,0,0,1,0,1,1,0,1,0,0,0,0,0,0,0,0,0,1,0
Marshallese,5.33,163.03,0,0,0,0,0,0,0,0,0,1,0,0,0,0,0,0,0,0,0,1,0
Chuukese,7.47,151.85,0,0,0,0,0,0,0,0,1,0,0,0,0,0,0,0,0,0,0,0,0
Yapese,9.48,138.08,0,0,0,0,0,0,0,0,1,1,0,0,0,1,0,0,0,0,0,1,0
Palauan,7.33,134.48,0,0,0,0,0,0,0,0,0,1,0,0,0,1,0,0,0,0,1,1,0
Ifugao,15.77,121.57,0,0,0,0,0,0,0,0,1,1,0,0,0,0,0,0,0,1,1,0,0
Atayal,24.82,120.93,0,0,0,0,0,0,0,1,0,0,0,0,0,0,0,0,1,0,1,1,0
Wu_Chinese,29.86,119.68,0,0,0,0,0,0,0,1,0,1,0,0,0,0,1,0,0,1,0,0,1
Manchu,49.17,125.23,0,0,0,0,0,0,0,0,0,1,0,0,0,1,1,0,0,1,1,1,0
Korean,37.48,126.63,0,0,0,0,0,0,0,1,0,1,1,0,0,1,1,0,0,1,0,1,0
Japanese,35.43,133.35,0,0,0,0,0,0,0,1,0,1,1,0,0,1,0,0,0,1,0,0,1
Ainu,43.77,142.37,0,0,0,0,0,0,0,0,0,0,0,0,0,0,0,0,1,0,0,1,0
Nivkh,54.42,142.72,0,0,0,0,0,0,0,1,0,0,0,0,0,1,1,0,0,0,1,0,0
Yukaghir,65.73,150.9,0,0,0,0,0,0,0,0,0,0,0,0,0,0,0,0,0,0,0,0,0
Chukchi,66.35,-179.12,0,0,0,0,0,0,0,0,0,1,0,1,1,0,0,1,0,0,0,0,0
Degexitan,62.2,-159.8,0,0,0,0,0,0,0,1,0,1,0,0,0,0,0,0,0,0,0,0,0
Aleut,55.2,-162.72,0,0,0,0,0,0,0,1,0,1,0,0,0,1,0,0,0,0,0,0,0
Canadian_Inuit,67.82,-115.15,0,0,0,0,0,0,0,0,0,0,0,0,0,0,0,0,0,0,0,0,0
Montagnais,50.3,-73.9,0,0,0,0,0,0,0,1,0,0,0,0,0,1,0,0,0,0,0,0,0
Micmac,46.28,-63.13,0,0,0,0,0,0,0,1,0,0,0,0,0,1,0,0,0,0,0,1,0
Slave,61.75,-121.23,0,0,0,0,1,0,1,0,0,0,0,0,0,0,0,0,0,0,0,0,0
Kaska,58.42,-130,0,0,0,0,0,0,0,0,0,0,0,0,0,0,0,0,0,0,0,0,0
Eyak,59.8,-144.6,0,0,0,0,0,0,0,0,1,1,0,0,0,1,0,0,0,0,0,1,0
Haida,54,-132.2,0,0,0,0,0,0,0,0,1,1,0,0,0,1,0,0,0,0,0,0,0
Northern_Paiute,43.58,-118.95,0,0,0,0,0,0,0,1,0,0,0,0,0,0,0,0,0,0,0,0,0
Comanche,35.23,-101.7,0,0,0,0,0,0,0,0,0,0,0,0,0,0,0,0,0,0,0,0,0
Chiricahua_Apache,32.3,-109.5,0,0,0,0,0,0,0,1,0,0,0,0,0,0,0,0,0,0,0,0,0
Zuni,35.5,-108.5,0,0,0,0,0,0,0,0,0,0,0,0,0,0,0,0,0,1,0,0,0
Havasupai,35.3,-112.2,0,0,0,0,0,0,0,1,0,0,0,0,0,1,0,0,0,1,0,0,0
Papago,32.9,-111.8,0,0,0,0,0,0,0,1,0,0,0,1,0,1,0,0,0,1,0,0,0
Huichol,21.03,-104.48,0,0,0,0,0,0,0,0,0,1,0,0,0,0,0,0,1,0,0,0,0
Nahua,19.72,-96.97,0,0,0,0,1,0,1,1,0,1,0,1,0,1,0,0,0,1,0,1,0
Miskito,14.05,-83.37,0,0,0,0,1,0,1,1,0,0,0,1,0,0,0,0,1,0,0,1,0
Bribri,8.9,-83.5,0,0,0,0,0,0,0,0,0,0,0,1,0,0,0,0,1,0,0,0,0
Kuna,9.2,-79.6,0,0,0,0,0,0,0,1,0,1,0,1,0,0,0,0,1,0,0,1,0
Wayuu,10.57,-71.73,0,0,0,0,0,0,0,1,0,1,0,1,1,1,0,1,0,0,1,0,0
Haitian,18.57,-72.3,0,0,0,0,0,0,0,1,0,1,0,1,0,0,0,0,0,1,0,0,1
Warao,9.75,-63.18,0,0,0,0,0,0,0,0,0,0,0,1,0,0,0,0,0,0,0,0,0
Yanomamo,-0.98,-62.93,0,0,0,0,0,0,0,1,0,0,0,0,0,1,0,0,1,0,0,0,0
Mundurucu,-7.4,-57.5,0,0,0,0,0,0,0,0,1,0,0,0,0,0,1,0,1,0,0,0,0
Kayapo,1.1,-79,0,0,0,0,0,0,0,0,0,0,0,0,0,0,0,0,0,0,0,0,0
Shuar,-2.55,-78.93,0,0,0,0,0,0,0,1,0,0,0,0,0,0,0,0,1,0,0,0,0
Quechua,-13.55,-71.98,0,0,0,0,1,0,1,1,0,1,0,0,0,1,0,0,0,1,0,0,1
Aymara,-15.48,-70.15,0,0,0,0,0,0,0,0,0,1,0,1,0,1,1,0,1,0,0,1,0
Siriono,-13.33,-64.15,0,0,0,0,0,0,0,0,0,0,0,0,0,0,0,0,1,0,0,0,0
Tupinamba,-22.92,-43.17,0,0,0,0,0,0,0,0,1,1,0,0,1,0,0,0,1,0,0,1,0
Xavante,-15.92,-50.13,0,0,0,0,0,0,0,1,1,0,0,0,0,0,1,0,1,0,0,0,0
Kaingang,-27.1,-48.9,0,0,0,0,0,0,0,0,0,0,0,0,0,0,0,0,0,0,0,0,0
Kaiwa,-24.59,-54.68,0,0,0,0,0,0,0,1,0,0,0,0,0,1,0,0,1,0,0,0,0
Mapuche,-39.2,-71,0,0,0,0,0,0,0,0,0,1,0,1,1,1,1,0,0,1,1,0,0
Tehuelche,-45.6,-69.1,0,0,0,0,0,0,0,1,0,0,0,0,0,1,0,0,0,0,0,0,0
Yahgan,-54.8,-68.32,0,0,0,0,0,0,0,1,0,0,0,1,0,1,0,0,0,0,0,0,0
Ambulas,-3.78,143.06,0,0,0,0,0,0,0,0,0,0,0,0,0,1,1,0,0,0,1,0,0
Adi,27.63,94.35,0,0,0,0,0,0,0,0,1,1,0,0,0,1,1,0,1,0,1,0,0
Afar,12.23,41.81,1,0,0,1,1,1,0,1,0,1,0,1,1,1,1,1,0,0,1,1,0
Akha,21.23,100.96,0,0,0,0,0,0,0,0,0,0,0,0,0,1,1,0,1,0,0,0,0
Kaweskar,-49.7,-75.38,0,0,0,0,0,0,0,0,0,0,0,0,0,0,0,0,0,0,0,0,0
Algerian,36.75,3.2,0,0,0,0,1,1,0,1,0,1,1,1,0,1,1,0,0,1,1,1,0
Ovambo,-17.72,16.58,0,0,0,0,1,1,0,0,0,1,0,0,1,1,0,0,1,0,1,1,0
Ambon,-3.71,128.18,1,1,0,0,1,1,1,1,0,1,0,1,0,1,0,0,1,0,1,1,0
Anuak,8,34,1,0,0,1,0,0,0,1,0,1,1,0,1,1,1,0,0,1,1,1,0
Naga_Ao,26.32,94.38,0,0,0,0,0,0,0,0,1,1,0,1,0,1,1,0,1,0,0,0,0
Oromo,3,37.5,1,1,1,0,1,1,0,1,0,0,1,0,1,1,1,1,1,0,1,1,0
Sanskrit,20,77,0,0,0,0,0,0,0,1,1,1,0,0,0,1,0,0,0,0,1,0,0
Wuvulu_Aua,-1.74,142.85,0,0,0,0,1,0,1,0,1,0,0,0,0,0,0,0,0,0,0,1,0
Bafia,4.73,11.1,0,0,0,0,1,1,0,0,1,0,0,0,1,1,1,0,1,0,1,0,0
Bajuni,-8.26,37.62,0,0,0,0,1,1,0,0,0,0,1,0,0,0,1,0,1,0,1,0,0
Aari,8.2,34.5,0,0,0,0,0,0,0,0,1,1,1,0,1,1,1,0,0,1,1,1,0
Bamileke,5.4,10.35,0,0,0,0,0,0,0,0,0,1,0,0,1,1,1,0,1,0,1,1,0
Bamoun,5.49,10.85,0,0,0,0,1,1,0,1,0,1,0,1,1,1,1,0,1,0,1,0,1
Shi,-2.56,28.61,0,0,0,0,1,1,0,0,1,1,0,0,1,1,1,0,1,0,1,1,0
Bashkort,53.6,56.56,0,0,0,0,1,1,0,1,0,1,0,1,0,1,0,0,0,1,1,0,1
Batak_Toba,2.35,99.18,0,0,0,0,0,0,0,0,0,1,0,1,0,1,1,0,0,1,1,0,0
Gbaya,5.95,15.26,1,0,1,0,1,1,0,1,0,0,0,0,1,1,1,0,1,0,1,0,0
Beaver,56.8,-120.35,0,0,0,0,0,0,0,1,0,0,0,0,0,0,0,0,0,0,0,0,0
Tetun,-9.11,125.53,0,0,0,0,1,0,1,1,0,1,1,1,0,0,0,0,1,0,1,1,0
Bengali,24,90,0,0,0,0,0,0,0,1,0,1,1,0,0,1,0,0,0,1,0,0,1
Beja_Banuamir,17.24,36.67,1,0,1,1,1,1,0,1,0,1,1,1,0,1,1,1,0,0,1,1,0
Bhili,20.85,73.96,0,0,0,0,0,0,0,1,0,1,1,1,0,1,1,0,0,1,1,1,0
Aklanon,11.55,122.35,0,0,0,0,1,0,1,0,1,1,0,0,0,0,0,0,0,0,0,1,0
Garifuna,15.35,-86.91,0,0,0,0,1,0,1,0,0,0,0,1,0,0,0,0,0,0,0,0,0
Blackfoot,49.07,-113.11,0,0,0,0,0,0,0,1,0,1,0,0,0,0,0,0,0,0,1,0,0
Boer,-22,30,0,0,0,0,0,0,0,1,0,1,1,1,0,1,0,1,0,1,0,1,0
Mbesa,1.62,22.84,0,0,0,0,1,0,0,0,0,0,0,0,1,1,1,0,1,0,1,0,0
Bontok,17.08,120.92,0,0,0,0,1,0,1,0,0,1,0,0,0,0,0,0,0,1,0,0,0
Mbororo_Fulani,11,11.12,0,0,0,0,1,1,0,0,0,1,1,0,1,1,0,1,1,0,1,0,0
Bozo,14.12,-5.09,1,0,1,0,1,1,0,1,1,0,1,1,0,1,1,0,0,1,1,1,0
Brazilian_Portugese,-23.55,-46.633333,0,0,0,0,0,0,0,1,0,1,1,1,0,0,0,0,0,1,0,0,1
Buja,2.2,22.61,0,0,0,0,1,1,0,0,1,0,0,0,1,1,1,0,1,0,1,1,0
Budu,2.1,27.95,0,0,0,0,1,0,0,0,0,0,0,0,1,1,1,0,1,0,1,0,0
Bulgarian,43.36,25.5,0,0,0,0,0,0,0,1,0,1,0,1,0,1,0,0,0,1,0,0,1
Mpun,-5.21,19.43,0,0,0,0,1,1,0,0,1,1,0,0,1,1,0,0,1,0,1,1,0
Burji,15.8,38.5,1,1,0,0,1,1,0,1,0,0,1,0,1,1,1,0,0,1,1,0,0
Buryat_Mongolian,48.77,109,0,0,0,0,0,0,0,0,0,1,1,1,0,1,1,1,0,1,1,1,0
Buyu,-5.42,28.55,0,0,0,0,1,0,0,0,1,1,0,0,1,1,0,0,1,0,1,1,0
Byelorussian,53.23,25.6,0,0,0,0,0,0,0,1,0,1,0,1,0,0,0,0,0,1,0,0,1
Kogi,11,-74,0,0,0,0,0,0,0,0,0,1,0,0,0,0,0,0,1,0,0,0,0
Cahuilla,33.53,-116.69,0,0,0,0,0,0,0,0,0,0,0,0,0,1,1,0,0,0,0,0,0
Kamayura,-12.27,-53.47,0,0,0,0,0,0,0,1,0,0,0,0,0,1,0,0,1,0,0,0,0
Cambodian,13.37,103.85,0,0,0,0,0,0,0,1,0,1,0,0,0,0,0,0,0,1,1,0,1
Ashaninka,-11.93,-73.91,0,0,0,0,0,0,0,0,1,0,0,0,0,0,0,0,1,0,0,0,0
Galibi,5.84,-56.83,0,0,0,0,1,0,1,0,0,0,0,0,0,0,0,0,1,0,0,0,0
Saipan_Carolinian,15.21,145.76,0,0,0,0,1,1,0,0,1,0,0,0,0,0,0,0,0,0,0,0,0
Dakelh,53,-123,0,0,0,0,0,0,0,0,0,1,0,1,0,0,0,0,0,0,1,0,0
Catawba,34.97,-80.89,0,0,0,0,0,0,0,0,0,0,0,0,0,0,0,0,0,1,0,0,0
Kukama_Kukamiria,-4.5,-74,0,0,0,0,0,0,0,0,0,1,0,0,0,1,1,0,1,0,0,0,0
Shipibo,-7.17,-74.82,1,1,1,0,0,0,0,0,1,0,0,0,0,0,0,0,1,0,0,0,0
Cubeo,0.62,-69.2,0,0,0,0,0,0,0,0,0,0,0,0,0,1,1,0,1,0,0,0,0
Cupeno,33.31,-116.52,0,0,0,0,0,0,0,0,0,0,0,0,0,1,1,0,0,0,0,0,0
Curripaco,3,-68,0,0,0,0,0,0,0,1,0,0,0,0,0,1,0,0,1,0,0,0,0
Czech,49.87,15.1,0,0,0,0,0,0,0,1,0,1,0,1,0,1,0,0,0,1,0,0,1
Daur,48.49753416,124,0,0,0,0,0,0,0,0,0,0,0,0,0,1,1,0,0,0,1,0,0
Suau,-10.66,150.21,0,0,0,0,1,0,1,0,1,1,0,0,0,1,0,0,0,0,0,0,0
Dani,-3.77,138.22,0,0,0,0,0,0,0,1,0,0,0,0,1,1,1,0,0,0,0,1,0
Shina,34.65,75.29,0,0,0,0,0,0,0,0,0,1,1,0,0,1,1,0,0,1,1,1,0
Kumiai,32.33,-116.6,0,0,0,0,0,0,0,0,0,0,0,0,1,1,1,0,0,0,1,0,0
Dieri,-28.17,138,1,0,0,0,1,1,0,1,0,0,0,0,0,1,0,0,0,0,0,1,0
Digo,-4.62,39.18,1,0,1,0,1,1,0,1,0,1,1,1,1,1,0,0,1,0,1,1,0
Dinka,13.62,25.33,0,0,0,0,0,0,0,1,0,0,0,0,1,1,1,1,1,0,1,1,0
Dioula,10.45,-4.72,1,1,1,0,1,1,0,1,0,1,1,1,0,1,1,0,1,0,1,1,0
Adamawa_Fulani,8.14,13.8,0,0,0,0,1,1,0,1,0,0,0,1,1,1,1,1,0,0,1,1,0
Dogon,14,-3,1,0,1,1,1,1,0,1,0,1,1,1,0,1,1,0,0,1,0,1,0
Dogrib,62.38,-114.19,0,0,0,0,0,0,0,1,0,0,0,0,0,1,0,0,0,0,0,0,0
Okiek,-2.78,36.6,1,0,1,0,1,1,0,1,0,0,0,0,0,1,1,0,0,0,1,0,0
Druze,32,35,0,0,0,0,1,1,0,1,0,0,0,1,0,1,1,0,0,1,1,1,0
Duala,4.1,9.62,0,0,0,0,1,1,0,0,0,1,0,0,1,1,1,0,1,0,1,1,0
Dusun,6.3,116.68,0,0,0,0,0,0,0,0,0,1,0,0,0,0,0,0,1,0,1,0,0
Dutch,52,5,0,0,0,0,0,0,0,0,0,1,0,1,0,0,0,0,0,1,0,0,1
Ding,-4.44,19.39,0,0,0,0,1,1,0,0,1,1,0,0,1,1,0,0,1,0,1,1,0
Rapanui,-27.11,-109.34,0,0,0,0,0,0,0,0,0,1,0,0,0,0,0,0,1,0,0,1,0
Mono,37.19,-119.35,0,0,0,0,0,0,0,1,0,0,0,0,0,0,0,0,0,0,0,0,0
Efik,4.89,8.38,1,0,1,0,1,1,0,0,1,1,0,0,1,1,1,0,1,0,1,1,0
Ejagham,5.54,8.91,1,1,0,0,1,1,0,1,0,0,0,0,1,1,1,0,1,0,0,0,0
Tuvalu,-8.52,179.2,0,0,0,0,1,0,1,0,1,1,0,0,0,0,0,0,0,0,0,1,0
Enga,-5.46,143.69,0,0,0,0,0,0,0,1,1,0,0,0,0,1,1,0,1,0,1,0,0
Sie,-18.82,169.17,0,0,0,0,1,0,1,0,1,1,0,0,0,1,1,0,0,0,1,1,0
Erzya,52.85,45.39,0,0,0,0,0,0,0,0,0,1,0,1,0,1,0,0,0,1,0,0,1
Estonian,58.55,25.82,0,0,0,0,0,0,0,1,0,1,0,1,0,0,0,0,0,1,0,0,1
Evenki,64.1,95.4,0,0,0,0,0,0,0,0,0,0,0,0,0,1,1,0,0,0,1,0,0
Ewe,6.46,0.81,0,0,0,0,1,1,0,0,1,1,0,0,0,1,1,0,1,0,1,1,0
Beta_Israel,12,38,1,0,1,0,1,1,0,1,0,1,0,1,0,1,0,0,0,1,0,1,0
Fang,1.72,11.61,0,0,0,0,1,1,0,0,0,1,1,0,1,1,1,0,1,0,1,0,0
Goroka,-6.083,145.4,0,0,0,0,0,0,0,0,1,1,0,0,1,1,1,0,0,0,1,0,0
East_Futuna,-19.54,170.22,0,0,0,0,1,0,1,0,1,1,0,0,0,0,0,0,0,0,0,1,0
Tongva,34.05,-118.21,0,0,0,0,0,0,0,0,1,1,0,0,0,1,1,0,0,0,0,0,0
Gagauz,44.6,28.3,0,0,0,0,0,0,0,0,0,1,0,1,0,0,0,0,0,1,0,0,1
Georgian,42.49,41.83,0,0,0,0,0,0,0,1,0,1,1,1,0,1,1,0,0,1,0,1,0
Kigiryama,-3.31,39.66,1,0,1,0,1,1,0,1,0,0,0,0,1,1,1,0,1,0,1,0,1
South_Giziga,10.28,14.19,0,0,0,0,0,0,0,0,1,1,0,0,1,1,1,0,1,0,1,1,0
Gogo,-6.36,35.48,1,1,1,0,1,1,0,0,1,1,0,0,1,1,1,0,1,0,1,1,0
Nanai,48.43,134.8,0,0,0,0,0,0,0,1,0,0,0,0,0,1,1,0,1,0,1,1,0
Fiome,-4.24,35.8,1,1,1,0,1,1,0,1,0,0,1,0,1,1,1,0,1,0,1,0,0
Greek,40.6422,22.9456,0,0,0,0,0,0,0,1,0,1,0,1,0,1,0,0,0,1,0,0,1
Greenland_Inuit,65.3,-52,0,0,0,0,0,0,0,0,0,0,0,1,0,0,0,0,0,0,0,0,0
Guahibo,5.82,-68.98,0,0,0,0,0,0,0,1,0,0,0,0,0,0,0,0,1,0,0,0,0
Gujarati,22.69,71.1,0,0,0,0,0,0,0,1,0,1,1,0,0,1,1,0,0,1,1,0,1
Beja_Hadandawa,17.24,36.67,1,0,1,1,1,1,0,1,0,1,1,1,0,1,1,1,1,0,0,1,0
Pemba,-8.26,37.62,0,0,0,0,1,1,0,1,0,1,0,1,1,1,0,0,1,0,1,0,1
Hanunoo,12.42,121.22,0,0,0,0,0,0,0,0,0,0,0,0,0,0,0,0,1,0,0,0,0
Hawaiian,21.3,-157.85,0,0,0,0,1,0,1,0,1,1,0,0,0,0,0,0,0,1,0,1,0
Haya,-1.71,31.48,0,0,0,0,0,0,0,0,1,1,0,0,1,1,1,0,0,1,1,1,0
Hazara,33.49855601,70,0,0,0,0,1,1,0,1,0,1,1,1,0,1,1,0,0,1,1,1,0
Herero,-21.02,20.57,0,0,0,0,1,1,0,1,0,1,0,1,1,1,0,1,0,0,1,0,0
Hopi,35.77,-110.53,0,0,0,0,0,0,0,0,0,0,0,0,0,0,0,0,0,1,0,0,0
Hunde,21.62,-98.5,0,0,0,0,0,0,0,0,1,1,1,0,1,1,1,0,0,1,1,1,0
Hungarian,47.45,19.04,0,0,0,0,0,0,0,1,0,1,0,1,0,1,0,0,0,1,0,0,1
Hupa,41.1,-123.68,0,0,0,0,0,0,0,1,1,1,0,0,0,0,0,0,0,0,1,0,0
Chaga,-3.34,37.34,1,1,0,0,1,1,1,1,1,1,0,0,1,1,1,0,0,1,1,1,0
Peripheral_Mongolian,42.42,110.16,0,0,0,0,0,0,0,0,0,1,0,0,0,1,1,1,0,0,1,1,0
Chakma,23,92.34,0,0,0,0,0,0,0,0,0,1,0,0,0,1,1,0,1,0,1,1,0
Phan_Rang_Cham,11.29,108.49,0,0,0,0,0,0,0,0,0,1,0,0,0,0,0,0,0,1,0,1,0
Chamorro,15.23,145.75,0,0,0,0,0,0,0,1,0,0,0,1,0,0,0,0,1,0,0,1,0
Chechen,43.5,45.5,1,1,0,0,1,1,0,1,0,1,1,1,0,1,1,0,0,1,1,1,0
Chemehuevi,40.1,-110.31,0,0,0,0,0,0,0,0,0,0,0,0,0,0,0,0,0,1,0,0,0
Chenchu,15.88,79.25,0,0,0,0,0,0,0,0,0,0,0,0,0,0,1,0,0,0,0,0,0
Mari,55.83,48.41,0,0,0,0,0,0,0,1,0,1,0,1,0,0,0,0,0,1,0,1,0
Cherokee,42.07,-100.25,0,0,0,0,0,0,0,0,0,0,0,0,0,0,0,0,1,0,0,1,0
Cewa,-14.8,32.81,0,0,0,0,0,0,0,1,0,0,0,0,1,1,0,0,1,0,0,1,0
Cheyenne,45.53,-106.66,0,0,0,0,0,0,0,1,0,0,0,0,0,0,0,0,0,0,0,1,0
Chin_Haka,22.87,92.82,0,0,0,0,0,0,0,0,0,1,0,0,0,1,1,0,1,0,1,1,0
Dene,59.55,-107.3,0,0,0,0,0,0,0,0,0,0,0,0,0,1,0,0,0,0,0,0,0
Eastern_Bolivian_Guarani,-21.09,-61.72,0,0,0,0,0,0,0,0,0,0,0,0,0,1,0,0,1,0,0,1,0
Embera,7.53,-76.75,0,0,0,0,0,0,0,0,0,0,0,0,0,0,0,0,1,0,0,0,0
Vaghua_Choiseul,-6.69,156.54,0,0,0,0,1,0,1,1,1,1,0,0,0,0,0,0,0,0,1,0,0
Cokwe,-9.66,21.4,0,0,0,0,1,1,0,0,1,1,0,0,0,1,0,0,1,0,0,1,0
Chorote,-22.21,-62.65,0,0,0,0,0,0,0,0,0,0,0,0,0,0,0,0,0,0,0,0,0
Alaskan_Yupik,60.42,-148.04,0,0,0,0,0,0,0,1,0,1,0,0,0,1,0,0,0,0,0,0,0
Chuvash,55.49,47.16,0,0,0,0,0,0,0,1,0,1,0,1,0,1,0,0,0,1,0,0,1
Icelandic,63.48,-19.02,0,0,0,0,0,0,0,0,0,1,0,1,0,1,0,1,0,0,0,1,0
Ifora_Tuareg,22.59,8.73,1,0,1,0,1,1,0,1,0,1,1,1,0,1,1,1,0,1,1,1,0
Woleai,7.38,143.92,0,0,0,0,0,0,0,0,0,0,0,0,0,0,0,0,0,0,0,1,0
Igala,7.34,7.18,0,0,0,0,1,1,0,1,1,1,1,0,1,1,1,0,1,0,1,0,1
Lamaholot,-8.36,122.8,0,0,0,0,0,0,0,0,0,1,0,0,0,1,1,0,1,0,1,1,0
Ingrian,59.47,29.71,0,0,0,0,0,0,0,1,0,1,0,1,0,1,0,0,0,1,0,0,1
Iranian,29.53,52.58,1,1,0,0,1,1,0,1,0,1,1,1,0,1,1,0,0,1,1,0,1
Iraqw,-4,35.5,1,1,1,0,1,1,0,1,0,1,1,1,0,1,0,0,0,1,1,1,0
Itelmen,56.78,156.91,0,0,0,0,0,0,0,0,0,0,0,0,0,1,0,0,0,0,0,0,0
Jicarilla,36.81,-107.01,0,0,0,0,0,0,0,1,0,0,0,0,0,0,0,0,1,0,0,0,0
Jordanian,31.56,38.08,0,0,0,0,1,1,0,1,0,1,1,1,0,1,1,0,0,1,1,1,0
Kabyle,36.41,4.76,0,0,0,0,1,1,0,1,0,0,1,1,0,1,1,0,0,1,1,0,1
Kaguru,-6.38,37.05,1,1,0,0,1,1,0,1,0,0,0,0,0,0,0,0,1,0,1,1,0
Jingpo,25.46,97.33,0,0,0,0,0,0,0,0,0,1,0,1,0,1,1,0,1,0,1,1,0
Kalinga,17.39,121.04,0,0,0,0,0,0,0,1,0,1,0,0,0,0,0,0,0,1,0,1,0
Kalmyk,46.57,45.32,0,0,0,0,0,0,0,1,0,1,0,1,0,1,1,1,0,0,0,0,1
Kamba,-1.61,37.95,1,0,1,0,1,1,1,0,1,1,0,0,1,1,1,0,0,1,1,1,0
Kanembu,13.87,14.84,0,0,0,0,1,1,0,1,0,1,1,1,0,1,0,0,0,1,0,1,0
Kanuri,20.5,16.2,0,0,0,0,1,1,0,1,0,1,1,1,1,1,0,0,0,1,1,0,1
Kaonde,-12.41,25.76,0,0,0,0,0,0,0,1,0,0,0,0,1,1,0,0,1,0,0,1,0
Kapingamarangi,1.4,154.8,0,0,0,0,0,0,0,0,1,1,0,0,0,0,0,0,0,0,0,1,0
Karelian,65.17,30.87,0,0,0,0,0,0,0,1,0,1,0,1,0,1,0,0,1,0,0,0,1
Karen_Pwo_Western,17.36,97.7,0,0,0,0,0,0,0,0,0,1,0,0,0,0,0,0,0,1,0,0,0
Kashmiri,34.17,74.33,0,0,0,0,1,1,0,1,0,1,1,1,0,1,1,0,0,1,1,0,1
Chippewa,47.35,-94.27,0,0,0,0,0,0,0,1,0,0,0,0,0,1,1,0,0,0,0,0,0
Kawaiisu,36.05,-118.68,0,0,0,0,0,0,0,1,1,1,0,0,0,1,0,0,0,0,1,0,0
Tatar,55,50,0,0,0,0,1,1,0,1,0,1,0,1,0,1,0,0,0,1,1,0,1
Kei,-5.64,133.02,1,1,0,0,1,1,0,1,0,0,0,0,0,1,1,0,0,0,1,0,0
Kela,-2.46,22.59,0,0,0,0,1,0,0,0,0,0,0,0,1,1,1,0,1,0,1,0,0
Malayalam,10,76.25,0,0,0,0,0,0,0,0,1,1,1,0,0,0,0,0,0,1,0,1,0
Kerewe,-10.99,39.51,0,0,0,0,0,0,0,0,1,1,0,0,1,1,1,0,0,1,1,1,0
Ket,63.8,87.4,0,0,0,0,0,0,0,0,0,0,0,0,0,1,1,0,0,0,1,0,0
Khasi,24.98,92,0,0,0,0,0,0,0,0,0,1,0,0,0,0,0,0,1,0,0,1,0
Kodi,-9.64,119.11,0,0,0,0,1,0,1,0,1,1,0,0,0,1,0,0,0,0,1,1,0
Kohistani,35.34,73.02,0,0,0,0,1,1,0,1,0,1,1,1,0,1,1,0,0,1,1,1,0
Bakoko,3.57,10,1,0,1,0,1,1,0,1,0,0,1,0,1,1,1,0,1,0,1,1,0
Mundari,25.4,87.18,0,0,0,0,0,0,0,1,0,1,1,1,0,1,0,0,0,1,1,1,0
Koongo,-5.58,14.48,0,0,0,0,1,1,0,0,1,1,0,0,0,1,0,0,1,0,1,1,0
Vitu,-4.7,149.49,0,0,0,0,1,0,1,0,1,1,0,0,0,1,1,0,0,0,1,1,0
Koryak,59.4,163,0,0,0,0,0,0,0,1,0,1,0,1,0,0,0,0,0,0,0,0,0
Kota,0.08,14.38,0,0,0,0,1,1,0,1,0,0,1,0,0,1,1,0,1,0,1,0,0
Kotoko,11.8,14.8,1,1,1,0,1,1,0,1,0,1,1,1,0,1,1,0,0,1,1,1,0
Kru,6.87,-10.92,0,0,0,0,0,0,0,0,1,1,0,0,1,1,1,0,1,0,1,1,0
Bushoong,-4.69,21.46,0,0,0,0,1,1,0,0,0,1,1,0,0,1,0,0,1,0,1,1,0
Mizo,22.61,92.62,0,0,0,0,0,0,0,0,0,0,0,0,0,1,1,0,0,0,1,0,0
Komo,-0.76,26.71,0,0,0,0,1,1,0,0,1,0,0,0,1,1,1,0,1,0,1,0,0
Kumyk,43,47,0,0,0,0,1,1,0,1,0,1,1,1,0,0,0,0,0,1,1,1,0
Kosraean,5.31,163,0,0,0,0,0,0,0,0,0,1,0,0,0,1,0,0,0,0,0,1,0
Gwichin,67.43,-142.96,0,0,0,0,1,0,1,0,0,1,0,0,0,0,0,0,0,0,0,1,0
Kusu,-3.61,25.29,0,0,0,0,1,0,0,0,0,0,0,0,1,1,1,0,1,0,1,1,0
Kwaio,-8.94,160.97,0,0,0,0,0,0,0,1,1,1,0,0,0,1,0,0,0,0,1,0,0
Kwere,-6.51,38.44,0,0,0,0,1,1,0,0,1,0,0,0,1,0,0,0,1,0,1,0,0
Lacandon,17.2,-91.42,0,0,0,0,0,0,0,1,0,0,0,0,0,1,1,0,1,0,0,0,0
Maututu,-5.6,150.89,0,0,0,0,0,0,0,1,1,1,0,0,0,1,0,0,0,0,1,0,0
Lala_Bisa,-12.95,30.23,0,0,0,0,0,0,0,0,1,1,0,0,0,1,0,0,1,0,0,1,0
Latvian,56.83,24.31,0,0,0,0,0,0,0,1,0,1,0,1,0,1,0,0,0,1,0,0,1
Lamba,-12.34,27.9,0,0,0,0,0,0,0,0,0,0,0,0,0,0,0,0,1,0,0,1,0
Lawa,18.4,98.1,0,0,0,0,0,0,0,1,0,1,0,0,0,1,1,0,1,0,1,1,0
Lebanese,33.89,35.5,0,0,0,0,1,1,0,1,0,1,0,1,0,1,1,0,0,1,0,0,1
Naga_Lotha,26.1,94.04,0,0,0,0,0,0,0,0,1,1,0,0,0,1,1,0,1,0,1,0,0
Hlai,18.81,109.46,0,0,0,0,0,0,0,0,0,1,0,0,0,1,1,0,0,1,1,1,0
Dehu,-21.3,165.6,0,0,0,0,1,0,0,0,1,1,0,0,1,1,1,0,0,0,1,1,0
Lipan_Apache,33.27,-105.82,0,0,0,0,0,0,0,0,0,0,0,0,0,0,0,0,0,0,0,1,0
Karaim,54.55,25.11,0,0,0,0,1,1,0,1,0,1,0,1,0,1,0,0,0,0,0,0,1
Lithuanian,55.14,23.96,0,0,0,0,0,0,0,1,0,1,1,1,0,1,0,0,0,1,0,0,1
Livonian,57.57,22.03,0,0,0,0,0,0,0,1,0,1,0,1,0,1,0,0,0,1,0,0,1
Locono,5.64,-56.92,0,0,0,0,0,0,0,0,0,0,0,0,0,0,0,0,1,0,0,0,0
Likile,0.37,24.31,0,0,0,0,1,1,0,0,1,0,0,0,1,1,1,0,1,0,1,0,0
Luba_Katanga,-8.28,25.89,0,0,0,0,1,1,0,1,1,1,0,0,1,1,1,0,1,0,1,0,1
Luiseno,33.32,-116.94,0,0,0,0,0,0,0,0,0,0,0,0,0,1,1,0,0,0,1,0,0
Luba_Kasai,-5.73,22.44,0,0,0,0,1,1,0,0,1,1,0,0,1,1,1,0,1,0,1,1,0
Luo,-0.93,34.49,0,0,0,0,0,0,0,0,0,1,0,0,1,1,1,0,0,1,1,1,0
Luvale,-13.54,22.29,0,0,0,0,1,1,0,0,1,0,0,0,1,1,0,0,1,0,0,1,0
Soonde,-6.32,18.36,0,0,0,0,1,1,0,0,1,1,0,0,1,1,0,0,1,0,1,1,0
Makassar,-5.66,119.84,1,1,0,0,1,1,0,1,0,1,0,1,0,0,0,0,0,1,1,0,1
Macushi,6.8,-58.15,0,0,0,0,0,0,0,0,0,0,0,0,0,0,0,0,1,0,0,0,0
Fuyug,-8.64,147.31,0,0,0,0,0,0,0,0,1,1,0,0,0,1,1,0,0,0,1,0,0
Eastern_Magar,27.41,87.06,0,0,0,0,0,0,0,1,0,1,1,0,0,1,1,0,0,1,0,0,1
Makah,48.33,-124.62,0,0,0,0,0,0,0,1,0,1,0,0,0,1,0,0,0,0,0,0,0
Makhuwa,-14.85,38.81,1,1,0,0,1,1,0,1,0,0,0,0,1,0,0,0,1,0,0,0,0
Singapore_Malay,1.4,103.8,1,1,0,0,1,1,0,1,0,1,0,1,0,1,0,0,0,1,1,1,0
Mandinka,16.72,-3,1,0,1,0,1,1,0,1,0,1,1,1,1,1,1,0,1,0,1,1,0
Mambwe,-8.87,31.23,0,0,0,0,0,0,0,0,1,1,0,0,1,1,1,0,1,0,1,1,0
Manam,-4.08,145.03,0,0,0,0,0,0,0,0,1,0,0,0,0,1,1,0,0,0,0,0,0
Rarotongan,-21.23,-159.78,0,0,0,0,1,0,1,1,0,1,0,0,0,0,0,0,0,0,0,1,0
Mangarevan,-23.11,-134.97,0,0,0,0,1,0,1,0,1,1,0,0,0,0,0,0,0,0,0,1,0
Western_Bukidnon_Manobo,7.67,124.83,0,0,0,0,0,0,0,0,0,0,0,0,0,1,0,0,1,0,1,0,0
Mansi,64.41,61.34,0,0,0,0,0,0,0,1,0,0,0,0,0,1,0,0,0,0,1,0,0
Balochi,30.49871492,66.5,1,1,0,0,1,1,0,1,0,1,1,1,0,1,1,1,0,1,1,1,0
Wichi,-8.42,-74.6,0,0,0,0,0,0,0,0,0,0,0,0,0,0,0,0,0,0,0,0,0
Mattole,40.43,-122.86,0,0,0,0,0,0,0,1,1,1,0,0,0,0,0,0,0,0,1,0,0
Mawe,-3.64,-56.87,0,0,0,0,0,0,0,0,0,0,0,0,0,1,1,0,1,0,0,0,0
Mbum,7.58,14.27,0,0,0,0,1,1,0,1,1,0,0,0,1,1,1,0,1,0,1,1,0
Mekeo,-8.24,146.59,0,0,0,0,0,0,0,0,1,1,0,0,0,1,1,0,0,0,1,0,0
Mentawai,-1.41,98.94,0,0,0,0,0,0,0,0,0,0,0,0,0,0,0,0,0,0,0,0,0
Miao,28,109,0,0,0,0,0,0,0,0,0,0,0,0,0,1,0,0,0,1,1,1,0
Midob,23.97,32.78,1,0,1,0,1,1,0,1,0,1,1,1,1,1,0,1,0,0,1,1,0
Min_nan_Chinese,25,121.5,0,0,0,0,0,0,0,1,0,1,0,0,0,1,1,0,0,1,1,0,1
Minangkabau,2.7,102.3,1,1,0,0,1,1,0,1,0,1,0,1,0,0,0,0,0,1,0,1,0
Bai,26.17,99.71,0,0,0,0,0,0,0,1,0,1,0,0,0,1,1,0,0,1,1,1,0
Mixe,18.15,-94.42,0,0,0,0,0,0,0,1,0,1,0,1,0,1,0,0,1,0,0,1,0
Eastern_Mnong,12.39,108.35,0,0,0,0,0,0,0,0,0,1,0,0,0,0,0,0,1,0,0,0,0
Moghol,34.25,62.28,0,0,0,0,1,1,0,1,0,1,1,1,0,1,1,0,0,1,1,1,0
Mohave,34.89,-114.6,0,0,0,0,0,0,0,0,0,0,0,0,0,0,1,0,0,1,0,1,0
Tu,36,101,0,0,0,0,0,0,0,0,0,1,1,0,0,1,1,0,0,1,1,1,0
Moroccan,33.2,-8.5,0,0,0,0,1,1,0,1,0,1,1,1,0,1,1,0,0,1,1,0,1
Mota,-13.85,167.69,0,0,0,0,0,0,0,1,1,1,0,0,0,1,0,0,0,0,1,0,0
Bari,9.8,-72.94,0,0,0,0,0,0,0,0,0,0,0,0,0,0,0,0,1,0,0,0,0
Motu,-9.67,147.42,0,0,0,0,0,0,0,0,1,1,0,0,1,1,0,0,1,0,1,0,0
Myene,-1.49,9.5,0,0,0,0,1,1,0,0,0,0,1,0,1,1,0,0,1,0,1,0,0
Muong,20.74,105.19,0,0,0,0,0,0,0,0,0,1,0,0,0,1,1,0,0,1,1,1,0
Mozabite,32,3,0,0,0,0,1,1,0,1,0,1,1,1,0,1,1,0,0,1,1,0,0
Tanana,64.88,-149.45,0,0,0,0,0,0,0,1,0,0,0,0,0,0,0,0,0,0,0,0,0
Nandi,0.79,35.41,1,1,0,0,1,1,0,0,1,0,0,0,0,1,0,0,0,1,1,1,0
Naro,-22.09,20.75,0,0,0,0,0,0,0,0,0,0,0,0,0,0,0,0,0,0,0,0,0
Naskapi,55.93,-61.13,0,0,0,0,0,0,0,0,0,0,0,0,0,0,0,0,0,0,0,0,0
Navajo,35.66,-109.07,0,0,0,0,0,0,0,1,0,0,0,0,1,0,0,0,0,1,0,0,0
Ndau,-20.12,33.17,0,0,0,0,0,0,0,0,1,1,0,0,1,1,0,0,1,0,1,1,0
Ndebele,-20.25,27.41,0,0,0,0,1,1,0,1,1,1,1,0,1,1,1,0,1,0,1,0,1
Lunda_Mwinilunga,-11.18,23.87,0,0,0,0,1,1,0,0,1,1,0,0,1,1,0,0,1,0,0,1,0
Negidal,1.33,18.62,0,0,0,0,0,0,0,0,0,1,0,0,0,1,1,0,0,0,1,0,0
Lingala,1.4,19.78,0,0,0,0,1,1,0,0,1,1,0,0,1,1,1,0,1,0,1,1,0
Nganasan,73.14,86.21,0,0,0,0,0,0,0,0,0,0,0,0,0,1,0,0,0,0,1,0,0
Ngombe,5.98,10.15,0,0,0,0,1,0,0,0,0,0,0,0,1,1,1,0,1,0,1,1,0
Ngulu,-5.8,37.6,1,1,0,0,1,1,0,1,0,0,0,0,0,1,0,0,1,0,0,0,0
Ngumbo,2.39,10.08,0,0,0,0,1,1,0,0,0,0,1,0,1,1,1,0,1,0,1,0,0
Nkhumbi,-15.41,13.97,0,0,0,0,1,1,0,0,1,1,0,0,1,1,0,0,1,0,1,1,0
Niue,-19.06,-169.86,0,0,0,0,1,0,1,0,1,1,0,0,0,0,0,0,0,0,0,1,0
Mortlockese,7.35,151.62,0,0,0,0,0,0,0,0,0,0,0,0,0,0,0,0,1,0,0,0,0
Nuu_Chah_Nulth,49.62,-126.09,0,0,0,0,0,0,0,1,0,1,0,0,0,0,0,0,0,0,0,1,0
Nuer,8.14,32.38,0,0,0,0,0,0,0,0,0,0,1,1,1,0,1,1,1,0,1,0,0
Alaskan_Inuit,69.58,-143.77,0,0,0,0,0,0,0,0,0,1,0,0,0,0,0,0,0,0,0,0,0
Central_Yupik,60.31,-161.49,0,0,0,0,0,0,0,1,0,1,0,0,0,1,0,0,0,0,0,0,0
Nupe,9.18,5.4,0,0,0,0,1,1,0,1,0,1,0,1,1,1,1,0,1,0,1,1,0
Kamviri,30,70,0,0,0,0,1,1,0,1,0,1,1,1,1,1,1,0,0,1,1,1,0
Nyamwezi,-5.09,32.94,0,0,0,0,0,0,0,0,1,1,0,0,1,1,0,0,1,0,1,1,0
Nyanja,-14.8,32.81,0,0,0,0,0,0,0,0,0,0,0,0,1,0,0,0,1,0,0,1,0
Nyankore,-0.46,30.55,0,0,0,0,0,0,0,1,1,1,1,0,1,1,0,0,1,0,1,0,1
Nyimang,12.1,29.43,0,0,0,0,1,1,0,1,0,0,0,1,1,1,1,0,0,1,1,0,0
Khanty,62.43,66.12,0,0,0,0,0,0,0,0,0,1,0,1,0,1,1,0,0,0,1,0,0
Okinawan,26.15,127.78,0,0,0,0,0,0,0,1,0,1,0,0,0,1,0,0,0,1,0,1,0
Ona,-54,-68.5,0,0,0,0,0,0,0,1,0,0,0,0,0,1,0,0,0,0,0,0,0
Ontong_Java,-5.49,159.7,0,0,0,0,0,0,0,0,0,1,0,0,0,0,0,0,0,0,0,0,0
Oraon,24.46,86.47,0,0,0,0,0,0,0,0,1,1,1,0,0,1,1,0,0,1,1,1,0
Oroch,50.32,137.85,0,0,0,0,0,0,0,0,0,0,0,0,0,1,1,0,0,0,1,0,0
Orok,49.36,143.13,0,0,0,0,0,0,0,0,0,0,0,0,0,1,1,0,0,0,1,0,0
Ossetian,41.79,43.27,0,0,0,0,0,0,0,0,0,1,1,1,0,1,1,1,0,1,1,1,0
Yoruba,7.1,1.9,1,1,1,0,1,1,0,1,0,1,0,0,1,1,0,0,1,0,1,0,1
Paez,2.62,-76.31,0,0,0,0,0,0,0,0,0,1,0,0,0,0,0,0,0,1,0,1,0
Palaung,21.62,98.09,0,0,0,0,0,0,0,0,1,1,0,0,0,1,0,0,1,0,1,1,0
Palikur,3.64,-51.62,0,0,0,0,0,0,0,0,0,0,0,0,0,1,1,0,1,0,0,0,0
Paraujano,10.84,-71.84,0,0,0,0,0,0,0,0,0,0,0,0,0,0,0,0,0,0,1,0,0
Asu,-4.18,37.83,1,1,0,0,1,1,0,1,0,1,0,1,1,1,1,0,0,1,1,0,0
Paressi,-14.59,-57.41,0,0,0,0,0,0,0,0,0,0,0,0,0,0,0,0,1,0,0,0,0
Pashtun,34,71.32,0,0,0,0,1,1,0,1,0,1,1,1,0,1,0,0,0,1,1,1,0
Pedi,-24.8,29.47,0,0,0,0,1,1,0,1,0,1,0,1,1,1,1,0,1,0,1,1,0
Pende,-5.65,19.83,0,0,0,0,1,1,0,0,1,1,0,0,1,1,0,0,1,0,0,1,0
Piapoco,3,-68,0,0,0,0,0,0,0,1,0,0,0,0,1,1,0,0,1,0,0,0,0
Piaroa,4.42,-67.76,0,0,0,0,0,0,0,0,0,0,0,0,0,0,0,0,1,0,0,0,0
Yine,-11.11,-73.31,1,0,1,0,0,0,0,0,1,0,0,0,0,0,0,0,1,0,0,0,0
Bera,1.5,30.3,0,0,0,0,0,0,0,1,1,0,0,0,1,1,1,0,1,0,1,0,0
Cree,51.24,-110.46,0,0,0,0,0,0,0,0,0,0,0,0,0,1,0,0,0,0,1,0,0
Pokot,1.57,35.23,1,0,0,1,1,1,0,1,0,0,0,0,1,1,1,1,1,0,1,1,0
Chitonga,-17.42,27.1,0,0,0,0,0,0,0,0,0,0,0,1,1,1,0,0,1,0,1,0,0
Podokwo,11,12.1,0,0,0,0,0,0,0,1,0,0,0,0,1,1,1,0,0,1,1,1,0
Pokomo,-2.32,40.29,0,0,0,0,1,1,0,0,1,0,0,0,0,1,1,0,0,1,1,1,0
Pohnpeian,6.87,158.22,0,0,0,0,1,0,0,0,1,1,0,0,0,0,0,0,0,0,0,1,0
Portugese,39.91,-8.1,0,0,0,0,0,0,0,0,1,1,0,0,0,1,0,0,0,0,0,1,0
Leku,0.17,18.4,0,0,0,0,1,1,0,0,1,0,0,0,1,1,1,0,1,0,1,1,0
Ojibwa,50.5,-96,0,0,0,0,0,0,0,0,0,0,0,0,0,0,1,0,0,0,1,0,0
Rangi,-4.71,35.95,1,0,1,0,1,1,0,1,0,0,0,0,1,1,0,0,1,0,1,1,0
Southeast_Ambrym,-16.3,168.21,0,0,0,0,1,0,1,0,1,1,0,0,0,1,0,0,0,0,0,1,0
Tuamotu,-16.17,-146.32,0,0,0,0,1,0,1,0,1,0,0,0,0,0,0,0,0,0,0,1,0
Lega,-3.83,27.14,0,0,0,0,1,1,0,1,1,0,0,0,1,1,1,0,1,0,1,1,0
Saharawi,27.153611,-13.203333,1,0,1,0,1,1,0,1,0,1,1,1,0,1,1,1,0,1,1,0,1
Rennellese,-11.62,160.26,0,0,0,0,1,0,1,0,1,1,0,0,0,0,0,0,0,0,0,1,0
Romanian,44.43,26.1,0,0,0,0,0,0,0,0,0,0,0,0,0,0,0,0,1,0,0,0,0
Termanu,-10.73,123.17,0,0,0,0,1,1,1,0,1,1,0,0,0,1,1,0,1,0,1,1,0
Rotuman,-12.5,177.07,0,0,0,0,1,0,1,1,0,1,0,0,0,0,0,0,0,0,0,1,0
Rwanda,-1.57,29.64,0,0,0,0,0,0,0,1,0,1,1,0,1,1,1,0,0,1,1,0,1
Rundi,-1.44,31.32,0,0,0,0,0,0,0,1,0,1,1,0,1,1,1,0,0,1,0,0,1
Northern_Kankanay,17.11,120.79,0,0,0,0,0,0,0,0,0,1,0,0,0,0,0,0,0,1,0,0,0
Sakalava_Malagasy,-16.91,45.95,0,0,0,0,1,1,0,0,0,1,0,0,1,1,1,1,1,0,0,0,1
Sakata,-2.86,17.97,0,0,0,0,1,0,0,0,0,0,0,0,1,1,0,0,1,0,1,1,0
Samburu,1.61,37.05,1,0,0,1,1,1,0,0,1,0,0,0,1,1,1,1,0,0,1,1,0
Sandawe,-5.5,35.5,1,0,1,0,1,1,0,1,0,0,0,0,0,1,1,0,1,0,1,1,0
Bomwali,1.71,15.95,0,0,0,0,1,0,0,0,0,0,1,0,1,1,1,0,1,0,1,0,0
Santa_Cruz,-10.68,165.84,0,0,0,0,0,0,0,1,1,1,0,0,0,1,0,0,0,0,1,0,0
Libyan,32.116667,20.066667,0,0,0,0,1,1,0,1,0,1,1,1,0,1,1,1,0,1,1,0,1
Sara,9.39,19.26,1,1,1,0,1,1,0,1,0,0,0,0,1,1,1,0,1,0,1,0,0
Sarsi,50.88,-114.3,0,0,0,0,0,0,0,1,0,0,0,0,0,1,0,0,0,0,1,1,0
Hare,63.27,-123.64,0,0,0,0,1,0,1,0,1,0,0,0,0,0,0,0,0,0,0,0,0
Selkup,59.94,82.3,0,0,0,0,0,0,0,0,1,1,0,0,0,1,1,0,0,0,1,0,0
Moken,10.15,98.68,0,0,0,0,0,0,0,0,0,0,0,0,0,0,0,0,0,0,0,0,0
Nahavaq,-16.51,167.48,0,0,0,0,0,0,0,0,1,1,0,0,0,1,1,0,0,0,1,0,0
Semai,4.13,101.48,0,0,0,0,0,0,0,0,0,0,0,0,0,0,0,0,1,0,0,0,0
Serbocroatian,44.32,21.92,0,0,0,0,0,0,0,1,0,1,0,1,0,1,1,0,0,1,0,0,1
Serer,13.89,-16.39,0,0,0,0,1,1,0,0,0,1,1,0,1,1,0,0,1,0,1,1,0
Seri,28.99,-112.38,0,0,0,0,0,0,0,0,0,0,0,0,0,1,0,0,0,0,1,0,0
Serrano,33.95,-116.77,0,0,0,0,0,0,0,0,0,0,0,0,0,1,1,0,0,0,1,0,0
Shambala,-8.5,34.17,0,0,0,0,1,1,0,0,1,1,1,1,1,1,1,0,0,1,1,1,0
Northern_Han_Chinese,31.17,121.43,0,0,0,0,0,0,0,1,0,1,0,1,0,1,1,0,0,1,0,0,1
Sherpa,27.67,87,0,0,0,0,0,0,0,0,0,1,1,0,0,1,1,0,0,1,0,1,0
Tsogo,-1.55,11.14,0,0,0,0,1,1,0,0,1,0,0,0,1,1,0,0,1,0,1,0,0
Korekore,-17.21,29.76,0,0,0,0,1,1,0,1,1,1,1,1,1,1,0,0,1,0,1,1,0
Simbo,-4.69,21.46,0,0,0,0,1,0,1,0,1,1,0,0,0,0,0,0,0,0,1,1,0
Sindhi,25.49063551,69,0,0,0,0,1,1,0,1,0,1,1,1,0,1,1,0,0,1,1,0,1
Sinhalese,8,81,0,0,0,0,0,0,0,0,0,1,1,1,0,0,0,0,0,1,0,0,1
Wailaki,39.15,-123.28,0,0,0,0,0,0,0,0,0,1,0,1,0,0,0,0,0,0,1,0,0
Siwi,29.2,25.52,0,0,0,0,1,1,0,1,0,1,1,1,0,1,1,0,0,1,1,1,0
Soga,0.4,33.39,0,0,0,0,0,0,0,0,1,1,0,0,1,1,1,0,0,1,1,1,0
Songe,-5.72,25.28,0,0,0,0,1,1,0,0,1,1,0,0,1,1,1,0,1,0,1,0,0
Tsong,-4.55,18.5,0,0,0,0,1,1,0,0,1,0,0,0,1,1,0,0,1,0,1,1,0
Songoora,-2.22,26.35,0,0,0,0,1,1,0,0,1,0,0,0,1,1,1,0,1,0,1,1,0
Sotho,-30.44,27.9,0,0,0,0,1,1,0,1,0,1,0,0,1,1,1,0,0,1,1,0,1
Ute_Southern_Paiute,40.1,-110.31,0,0,0,0,0,0,0,0,0,0,0,0,0,0,0,0,0,0,0,0,0
Spanish,40.42,-3.7,0,0,0,0,0,0,0,1,0,1,0,1,0,0,0,0,0,1,0,0,1
Subanen,8.13,123.02,0,0,0,0,0,0,0,0,0,0,0,0,0,0,0,0,1,0,1,0,0
Cebuano,6.9,122.1,0,0,0,0,1,0,1,1,0,1,0,1,0,0,0,0,0,1,1,0,1
Sukuma,-3.16,32.88,0,0,0,0,0,0,0,0,1,1,0,0,1,1,0,0,0,1,1,1,0
Kambera,-9.8,120,0,0,0,0,1,0,1,1,0,1,0,1,0,1,1,0,0,1,0,1,0
Bima,-8.72,117.47,1,1,0,0,1,0,1,1,0,0,0,1,0,0,0,0,1,0,0,1,0
Suundi,-4.58,13.32,0,0,0,0,1,0,0,0,1,1,0,0,1,1,0,0,1,0,1,1,0
Svan,42.91,42.59,0,0,0,0,1,0,0,1,0,1,1,1,0,1,1,0,0,1,1,1,0
Swati,-26,31.5,0,0,0,0,1,1,0,1,0,1,0,0,1,1,1,0,1,0,1,0,1
Syrian,33.51,36.28,0,0,0,0,1,1,0,1,0,1,1,1,0,1,1,0,0,1,1,1,0
Tagbanwa,9.54,118.5,0,0,0,0,0,0,0,0,0,1,0,0,0,0,0,0,1,0,0,0,0
Tahitian,-17.65,-149.45,0,0,0,0,1,0,1,0,1,1,0,0,0,0,0,0,0,0,0,1,0
Taino,18.28,-66.8,0,0,0,0,0,0,0,0,0,1,0,0,0,1,1,0,0,1,1,1,0
Tamil,11.10167224,77.94827586,0,0,0,0,0,0,0,1,0,1,1,0,0,1,1,0,0,1,0,0,1
Tanaina,60.47,-150.76,0,0,0,0,0,0,0,1,1,1,0,0,0,1,0,0,0,0,0,0,0
Southwest_Tanna,-19.58,169.36,0,0,0,0,1,0,1,0,1,1,0,0,0,1,1,0,0,0,1,1,0
Tapirape,-10.54,-50.54,0,0,0,0,0,0,0,1,1,0,0,0,0,0,0,0,1,0,0,0,0
Tarahumara,27.56,-107.15,0,0,0,0,0,0,0,0,0,1,0,1,0,0,0,0,0,1,0,0,0
Purepecha,19.25,-101.63,0,0,0,0,0,0,0,1,0,1,0,1,0,1,0,0,0,1,0,1,0
Datooga,-4.41,35.23,1,0,1,0,1,1,0,1,0,0,1,0,1,1,1,1,1,0,1,1,0
Teke_Eboo,-2.62,17.3,0,0,0,0,1,1,0,0,0,0,1,0,1,1,0,0,1,0,1,0,0
Telugu,16.45,78.7,0,0,0,0,0,0,0,1,0,1,1,0,0,1,1,0,0,1,0,0,1
Tembe,-2.61,-48.24,0,0,0,0,0,0,0,0,0,0,0,0,0,0,0,0,1,0,0,0,0
Terena,-20.66,-56.03,0,0,0,0,0,0,0,1,0,1,0,0,0,0,0,0,1,0,0,0,0
Tetela,-4.29,24.55,0,0,0,0,1,1,0,0,1,1,0,0,1,1,1,0,1,0,1,1,0
Lakota,46.77,-100.75,0,0,0,0,0,0,0,1,0,0,0,0,0,0,0,0,0,0,1,1,0
Chin_Thado,24.1,93.72,0,0,0,0,0,0,0,0,1,1,0,0,0,1,1,0,1,0,1,1,0
Tibetan,29.65,91.17,0,0,0,0,0,0,0,1,0,1,1,0,0,1,1,0,0,1,0,0,1
Tigre,17.35,38.22,1,0,0,1,1,1,0,1,0,1,1,1,0,1,1,1,1,0,1,1,0
Tigray,15.34,38.93,1,1,0,0,1,1,0,1,0,1,1,1,0,1,0,0,0,1,0,1,0
Tlingit,51,-123,0,0,0,0,0,0,0,1,1,1,0,0,0,1,0,0,0,0,0,0,0
Toba,-27.45,-59.05,0,0,0,0,0,0,0,0,0,0,0,1,0,0,0,0,0,0,0,1,0
Tokelau,-9.23,-171.78,0,0,0,0,1,0,1,0,1,0,0,0,0,0,0,0,0,0,0,1,0
Tolowa,41.92,-124.1,0,0,0,0,0,0,0,1,0,1,0,0,0,1,1,0,0,0,1,0,0
Tongan,-21.18,-175.2,0,0,0,0,1,0,0,1,0,1,0,0,0,1,0,0,0,0,0,1,0
Penrhyn,-9.08,-157.92,0,0,0,0,1,0,1,0,1,1,0,0,0,0,0,0,0,0,0,1,0
Poke,0.74,23.9,0,0,0,0,1,0,0,0,1,1,0,0,1,1,1,0,1,0,1,1,0
Tswana,-24.37,24.76,0,0,0,0,1,1,0,1,1,1,1,1,1,1,0,0,1,0,1,1,0
Tubatulabal,35.33,-117.16,0,0,0,0,0,0,0,1,0,0,0,0,0,0,0,0,0,0,1,1,0
Tupuri,10.1,14.87,0,0,0,0,0,0,0,0,0,0,0,1,1,1,1,0,1,0,1,0,0
Ticuna,-3.66,-69.87,0,0,0,0,1,0,1,1,0,0,0,0,0,1,1,0,1,0,0,0,0
Pulaar,13.87,-13.45,1,0,1,1,1,1,0,0,1,1,1,1,0,1,1,0,1,0,1,1,0
Tumbuka,-11.33,33.37,0,0,0,0,0,0,0,0,1,1,0,1,1,1,1,0,1,0,1,1,0
Tunebo,6.89,-72.1,0,0,0,0,0,0,0,0,0,0,0,0,0,0,0,0,1,0,0,0,0
Tunisian,36.8,10.18,0,0,0,0,1,1,0,1,0,1,1,1,0,1,1,0,0,1,1,0,1
Turkana,4.31,35.71,1,0,0,1,1,1,0,1,0,0,0,1,1,1,1,0,1,0,1,0,0
Turkmen,37.09,59.18,0,0,0,0,1,1,0,1,0,1,1,1,0,1,1,0,0,1,1,0,1
Nyaturu,-5.12,34.67,1,1,1,0,1,1,0,1,0,0,1,0,1,1,1,0,0,1,1,0,0
Tututni,42.56,-124.29,0,0,0,0,0,0,0,1,0,1,0,0,0,1,1,0,0,0,1,0,0
Udegey,46.63,135.68,0,0,0,0,0,0,0,0,0,0,0,0,0,1,1,0,0,0,1,0,0
Udmurt,56.13,52.64,0,0,0,0,0,0,0,0,0,1,0,1,0,0,0,0,0,1,1,0,1
Ukrainian,48.18,24.4,0,0,0,0,0,0,0,1,0,1,0,1,0,1,0,0,0,1,0,0,1
Saa,-9.6,161.47,0,0,0,0,0,0,0,1,1,0,0,0,0,1,0,0,0,0,1,0,0
Ulch,51.85,140.29,0,0,0,0,0,0,0,1,0,1,0,0,0,1,1,0,0,0,1,0,0
Siberian_Yupik,66,-175.2,0,0,0,0,0,0,0,0,0,1,0,0,0,1,0,0,0,0,0,0,0
Uru,-16.73,-68.97,0,0,0,0,1,1,1,0,1,1,0,0,0,0,0,0,0,0,0,1,0
East_Uvea,-13.29,-176.21,0,0,0,0,1,0,1,0,1,1,0,0,0,0,0,0,0,0,0,1,0
Uzbek,36.61,60.69,0,0,0,0,1,1,0,1,0,1,1,1,0,1,1,1,0,1,1,1,0
Venda,-22.19,29.95,0,0,0,0,1,1,0,0,1,1,0,1,1,1,0,0,0,1,1,1,0
Veps,60.34,34.79,0,0,0,0,0,0,0,0,0,1,0,1,0,1,0,0,0,1,0,0,1
Bukusu,0.68,34.77,0,0,0,0,1,1,0,0,1,1,0,0,0,1,1,0,1,0,1,0,0
Waiwai,0.4,-57.55,0,0,0,0,0,0,0,0,0,0,0,0,0,0,0,0,1,0,0,0,0
Warlpiri,-23.7,133.9,1,0,0,0,1,1,0,1,0,0,0,0,0,1,0,0,0,0,0,0,0
Walloon,50.22,5.15,0,0,0,0,0,0,0,1,0,1,0,1,0,0,0,0,0,1,0,0,1
Wapishana,2.59,-59.8,0,0,0,0,0,0,0,1,0,0,0,0,0,1,0,0,1,0,0,0,0
Washo,-2.31,136.63,0,0,0,0,0,0,0,0,0,0,0,0,0,0,0,0,0,0,0,0,0
Western_Apache,33.86,-110.12,0,0,0,0,0,0,0,0,0,0,0,0,0,0,0,0,1,0,0,0,0
Wik_Mungkan,-13.98,141.82,0,0,0,0,0,0,0,0,0,0,0,0,0,1,1,0,0,0,0,0,0
Shoshoni,41,-116,0,0,0,0,0,0,0,0,0,0,0,0,0,0,0,0,0,0,0,1,0
Wogeo,-3.2,144.09,0,0,0,0,1,0,1,0,1,0,0,0,0,1,0,0,0,0,0,0,0
Wangaaybuwan_Ngiyambaa,-30.65,146.18,0,0,0,0,0,0,0,1,0,0,0,0,0,1,0,0,0,0,0,0,0
Karretjie,-30.7,25.1,0,0,0,0,0,0,0,0,0,0,0,0,0,0,0,0,0,0,0,0,0
Xhosa,-31.04,28.08,0,0,0,0,1,1,0,1,1,1,0,0,1,1,1,0,1,0,1,0,1
Yaka,-6.94,17,0,0,0,0,1,1,0,0,1,1,0,0,1,1,0,0,1,0,1,1,0
Yakut,62.98287845,129.5,0,0,0,0,0,0,0,0,0,1,0,1,1,1,1,1,0,0,0,1,0
Yans,-3.82,18.23,0,0,0,0,1,1,0,0,0,0,0,0,1,1,0,0,1,0,1,1,0
Yao,-13.61,35.24,0,0,0,0,1,1,0,0,1,0,0,0,0,0,0,0,1,0,0,1,0
Yaqui,29.94,-110.68,0,0,0,0,0,0,0,1,0,0,0,0,0,1,0,0,0,1,0,0,0
Maquiritari,4.71,-64.39,0,0,0,0,0,0,0,0,0,0,0,0,0,0,0,0,1,0,0,0,0
Yemeni,15.37,44.19,1,0,1,0,1,1,0,1,0,1,1,1,0,1,1,0,0,1,1,0,1
Vili,-4.07,11.38,0,0,0,0,1,1,0,0,1,1,0,0,1,1,0,0,1,0,1,1,0
Yucatec_Maya,19,-91,0,0,0,0,1,0,1,0,1,1,0,0,0,1,1,0,1,0,0,1,0
Yukpa,9.68,-73.06,0,0,0,0,0,0,0,0,0,0,0,0,0,0,0,0,1,0,0,0,0
Zapotec,16,-97,0,0,0,0,0,0,0,1,0,0,0,1,0,1,0,0,1,0,0,0,0
Zigula,-5.62,38.41,1,1,0,0,1,1,0,1,0,0,0,0,1,0,0,0,1,0,1,0,0
Zinza,-2.64,32.18,0,0,0,0,0,0,0,1,1,1,0,0,1,1,1,0,1,0,1,0,1
Zulu,-25.33,31.35,0,0,0,0,1,1,0,1,1,1,0,0,1,1,1,0,1,0,1,0,1
