pop,FGC,clit,exc,inf,MGC,cir,sup,marit_comp,sex_norms,segr_adol,trans_resid,desc,sub_econ,agric_inten,marr_tr,juris_hier,class,caste,high_gods
Nama,0,0,0,0,0,0,0,2,4,2,1,1,4,1,4,2,2,1,1
Kung,0,0,0,0,0,0,0,2,1,2,2,6,1,1,2,1,1,1,3
Tsonga,1,1,0,0,1,1,0,4,6,3,1,1,6,3,1,3,4,1,NA
Lozi,0,0,0,0,0,0,0,5,NA,NA,1,5,7,5,3,4,4,1,2
Umbundu,1,1,0,0,1,1,0,5,NA,2,1,2,6,3,1,3,4,1,2
Suku,0,0,0,0,1,1,0,5,NA,2,1,3,6,3,1,4,4,1,2
Bemba,0,0,0,0,0,0,0,4,1,3,2,7,6,3,2,3,4,1,3
Nyakyusa,0,0,0,0,0,0,0,5,1,5,2,7,7,5,1,3,1,1,2
Hadza,0,0,0,0,0,0,0,2,NA,NA,2,6,1,1,1,1,1,1,1
Luguru,1,0,1,0,1,1,0,2,6,NA,3,3,6,3,1,1,1,2,2
Kikuyu,1,1,1,0,1,0,1,5,NA,5,1,1,7,5,1,1,2,1,3
Ganda,0,0,0,0,0,0,0,5,3,2,2,1,7,5,1,4,4,1,2
Efe_Pygmy,0,0,0,0,1,1,0,2,6,4,2,6,3,1,5,1,1,1,1
Mongo_Nkundo,1,0,1,0,1,1,0,5,6,2,1,2,6,3,1,3,1,3,2
Tunen,0,0,0,0,1,1,0,5,NA,NA,1,1,6,3,5,1,1,1,2
Tiv,0,0,0,0,1,1,0,5,4,1,1,7,6,3,5,2,1,1,1
Igbo,1,0,1,0,1,1,0,5,3,1,1,1,6,3,1,2,1,1,2
Ashanti,0,0,0,0,0,0,0,5,2,3,1,2,6,3,1,3,4,1,2
Mende,1,0,1,0,1,1,0,5,NA,5,1,1,6,3,1,2,4,1,2
Wolof,0,0,0,0,1,1,0,5,3,1,1,2,6,3,1,3,5,2,4
Bambara,1,1,1,1,1,1,0,5,NA,NA,1,1,7,5,1,2,4,2,1
Fulani,0,0,0,0,1,1,0,5,6,2,1,1,4,2,1,2,1,1,4
Hausa,1,0,0,1,1,1,0,5,3,2,1,1,7,6,1,4,5,2,4
Masana,0,0,0,0,0,0,0,5,NA,5,1,1,7,6,1,1,1,1,2
Shilluk,0,0,0,0,0,0,0,5,3,2,1,1,6,3,1,2,5,1,2
Maasai,1,0,1,1,1,0,1,5,6,5,1,1,4,1,1,2,1,2,NA
Konso,0,0,0,0,1,0,1,2,2,2,2,1,7,5,6,1,2,2,2
Somali,1,0,0,1,1,0,1,5,3,5,1,1,4,5,1,3,2,2,4
Amhara,1,1,0,0,1,1,0,1,2,1,2,6,7,5,6,4,5,2,4
Tuareg,0,0,0,0,1,1,0,1,3,1,1,3,4,6,1,3,3,4,4
Berber,0,0,0,0,1,1,0,2,3,1,1,1,7,5,1,2,2,2,4
Egyptian,1,1,1,0,1,1,0,2,2,1,1,1,7,6,1,4,5,4,4
Mizrahi_Jew,0,0,0,0,1,1,0,2,2,1,1,1,7,5,1,3,4,1,4
Rwala_Bedouin,0,0,0,0,1,1,0,5,2,1,1,7,4,1,1,2,2,2,4
Turk,0,0,0,0,1,1,0,2,2,1,1,1,7,5,1,4,5,1,4
Albanian,0,0,0,0,0,0,0,6,2,1,1,7,7,5,1,3,1,NA,4
Latin,0,0,0,0,0,0,0,1,NA,1,2,6,7,5,7,5,5,1,1
Basque,0,0,0,0,0,0,0,1,3,1,2,6,7,5,7,4,5,1,4
Irish,0,0,0,0,0,0,0,1,2,1,1,6,7,5,7,3,5,1,4
Saami,0,0,0,0,0,0,0,1,4,1,2,6,4,1,6,1,2,1,4
Nenets,0,0,0,0,0,0,0,2,1,1,1,1,4,1,1,1,2,1,3
Russian,0,0,0,0,0,0,0,1,3,1,2,6,7,6,4,5,5,1,4
Abkhaz,0,0,0,0,0,0,0,2,2,NA,1,1,4,5,4,2,5,1,4
Armenian,0,0,0,0,0,0,0,1,6,1,2,6,7,5,7,4,2,1,4
Kurd,1,1,0,0,1,1,0,2,2,1,1,7,7,6,1,3,4,1,4
Punjabi,0,0,0,0,0,0,0,1,2,1,1,1,7,5,7,5,4,4,4
Gondi,0,0,0,0,0,0,0,3,6,5,1,1,6,3,1,2,2,4,3
Toda,0,0,0,0,0,0,0,7,6,1,1,2,4,1,3,2,1,1,1
Santhali,0,0,0,0,0,0,0,2,2,1,1,1,7,6,1,2,1,1,2
Burusho,0,0,0,0,1,1,0,2,2,1,1,1,7,6,3,2,5,2,4
Kazakh,0,0,0,0,1,1,0,6,3,2,1,1,4,2,1,4,4,1,4
Khalka_Mongolian,0,0,0,0,0,0,0,1,NA,1,1,7,4,2,1,4,4,1,NA
Yi,0,0,0,0,0,0,0,2,6,1,1,1,7,5,1,1,4,NA,1
Lepcha,0,0,0,0,0,0,0,2,6,1,1,1,7,5,1,2,2,NA,3
Garo,0,0,0,0,0,0,0,2,4,2,3,3,6,3,6,2,2,1,2
Chin_Mara,0,0,0,0,0,0,0,2,4,4,1,1,6,3,1,2,4,1,4
Burmese,0,0,0,0,0,0,0,1,3,1,2,6,7,6,7,4,5,1,1
Lamet,0,0,0,0,0,0,0,2,6,5,1,1,6,3,1,1,2,1,1
Vietnamese,0,0,0,0,0,0,0,6,2,1,1,1,7,6,3,5,5,1,1
Rade,0,0,0,0,0,0,0,2,NA,1,3,3,6,3,7,1,2,1,1
Thai,0,0,0,0,0,0,0,2,3,1,2,6,7,6,3,5,2,1,2
Jehai,0,0,0,0,0,0,0,2,3,1,1,6,1,1,6,1,1,1,3
Nicobarese,0,0,0,0,0,0,0,2,6,1,2,6,6,4,6,1,1,1,NA
Andamanese,0,0,0,0,0,0,0,1,6,5,2,6,8,1,6,1,1,1,1
Vedda,0,0,0,0,0,0,0,1,3,1,3,3,1,1,3,1,1,1,1
Malagasy,0,0,0,0,1,1,0,5,6,1,1,2,7,6,3,2,4,1,2
Javanese,1,1,0,0,1,1,0,2,2,1,2,6,7,6,6,5,5,1,1
Balinese,0,0,0,0,0,0,0,2,5,1,1,1,7,6,3,4,5,4,1
Iban,0,0,0,0,0,0,0,1,3,1,2,6,6,3,6,1,1,1,1
Bajau,1,1,0,0,1,0,1,1,NA,1,2,6,2,4,1,1,2,1,NA
Toraja,0,0,0,0,1,0,1,1,NA,1,3,6,6,3,1,2,2,1,NA
Alorese,1,1,0,0,1,1,0,2,3,1,2,7,6,3,1,3,2,1,2
Tiwi,0,0,0,0,0,0,0,6,1,4,2,3,1,1,1,1,1,1,2
Arrernte,1,0,0,0,1,1,0,3,1,2,1,2,1,1,7,1,1,1,1
Kapauku,0,0,0,0,0,0,0,6,4,3,1,1,6,3,1,2,2,1,2
Manus,0,0,0,0,0,0,0,2,2,3,1,2,2,2,4,1,2,1,1
Notsi,0,0,0,0,1,0,1,2,NA,5,3,3,8,4,1,1,1,1,1
Kilivila,0,0,0,0,0,0,0,2,6,5,1,3,6,4,4,2,4,1,1
Siwai,0,0,0,0,0,0,0,2,3,1,1,3,6,4,1,1,2,1,1
Tikopia,0,0,0,0,1,0,1,5,4,1,1,7,8,4,4,2,4,1,1
Fijian,0,0,0,0,1,0,1,2,NA,NA,1,1,2,4,1,3,2,1,1
Maori,0,0,0,0,0,0,0,6,6,1,1,5,6,3,6,2,4,1,1
Marquesan,0,0,0,0,1,0,1,7,6,1,1,6,6,4,6,2,4,1,1
Samoan,0,0,0,0,1,0,1,2,6,1,2,5,6,4,4,3,4,1,2
Kiribati,0,0,0,0,1,0,1,2,2,2,2,5,8,4,4,2,4,1,2
Marshallese,0,0,0,0,0,0,0,2,6,1,3,3,2,4,6,2,4,1,1
Chuukese,0,0,0,0,0,0,0,1,6,5,3,7,8,4,6,1,1,1,1
Yapese,0,0,0,0,0,0,0,1,6,5,1,2,6,4,6,2,4,1,NA
Palauan,0,0,0,0,0,0,0,2,6,1,1,7,6,4,1,3,4,1,1
Ifugao,0,0,0,0,0,0,0,1,6,4,2,6,7,6,1,1,2,1,1
Atayal,0,0,0,0,0,0,0,1,2,1,2,7,6,3,1,2,1,1,1
Wu_Chinese,0,0,0,0,0,0,0,1,1,1,2,1,7,6,7,5,5,1,1
Manchu,0,0,0,0,0,0,0,1,NA,NA,1,1,7,5,1,NA,2,1,NA
Korean,0,0,0,0,0,0,0,1,3,1,1,1,7,6,6,3,5,2,1
Japanese,0,0,0,0,0,0,0,1,2,1,1,6,7,6,4,5,5,2,2
Ainu,0,0,0,0,0,0,0,2,6,1,2,3,2,3,6,2,1,1,1
Nivkh,0,0,0,0,0,0,0,2,3,1,1,1,2,1,1,1,1,1,2
Yukaghir,0,0,0,0,0,0,0,2,NA,1,2,6,3,1,2,1,1,1,NA
Chukchi,0,0,0,0,0,0,0,5,6,1,2,6,4,1,2,1,2,1,3
Degexitan,0,0,0,0,0,0,0,2,3,NA,2,6,2,1,6,1,2,1,2
Aleut,0,0,0,0,0,0,0,6,3,1,1,4,2,1,2,1,4,1,2
Canadian_Inuit,0,0,0,0,0,0,0,1,5,1,2,6,2,1,2,1,1,1,1
Montagnais,0,0,0,0,0,0,0,2,2,1,1,6,3,1,2,1,1,1,1
Micmac,0,0,0,0,0,0,0,2,2,1,1,6,3,1,2,2,1,1,2
Slave,0,0,0,0,1,0,1,3,4,1,2,6,3,1,2,1,1,1,2
Kaska,0,0,0,0,0,0,0,1,6,NA,3,3,2,1,2,1,1,1,1
Eyak,0,0,0,0,0,0,0,6,NA,3,1,3,2,1,2,2,2,1,1
Haida,0,0,0,0,0,0,0,2,4,3,1,3,2,1,2,1,4,1,1
Northern_Paiute,0,0,0,0,0,0,0,2,3,1,2,6,1,1,6,1,1,1,1
Comanche,0,0,0,0,0,0,0,3,NA,NA,2,6,3,1,6,1,1,1,NA
Chiricahua_Apache,0,0,0,0,0,0,0,3,2,1,2,6,1,2,6,1,1,1,1
Zuni,0,0,0,0,0,0,0,1,NA,1,3,3,7,6,6,1,1,1,1
Havasupai,0,0,0,0,0,0,0,2,NA,1,1,4,7,6,3,1,1,1,1
Papago,0,0,0,0,0,0,0,3,NA,1,1,6,7,6,6,1,1,1,4
Huichol,0,0,0,0,0,0,0,2,NA,1,2,6,6,3,6,1,2,1,NA
Nahua,0,0,0,0,1,0,1,2,3,1,1,5,7,6,3,3,5,1,3
Miskito,0,0,0,0,1,0,1,2,1,1,3,6,1,3,3,2,1,1,4
Bribri,0,0,0,0,0,0,0,1,4,1,2,3,6,3,2,1,1,1,3
Kuna,0,0,0,0,0,0,0,2,2,1,3,6,6,3,2,2,2,1,4
Wayuu,0,0,0,0,0,0,0,5,3,NA,1,3,4,2,1,1,2,1,3
Haitian,0,0,0,0,0,0,0,2,3,1,2,6,7,5,6,4,5,1,4
Warao,0,0,0,0,0,0,0,3,NA,1,3,6,1,2,2,1,1,1,4
Yanomamo,0,0,0,0,0,0,0,3,3,1,1,6,6,3,5,1,1,1,1
Mundurucu,0,0,0,0,0,0,0,2,5,5,2,1,6,3,2,1,1,1,1
Kayapo,0,0,0,0,0,0,0,1,NA,1,2,6,6,4,6,1,1,1,1
Shuar,0,0,0,0,0,0,0,6,3,1,2,6,6,3,2,1,1,1,1
Quechua,0,0,0,0,1,0,1,1,2,1,1,6,7,6,6,5,5,1,2
Aymara,0,0,0,0,0,0,0,1,4,1,1,1,6,3,6,NA,2,1,4
Siriono,0,0,0,0,0,0,0,3,6,1,3,6,3,3,6,1,1,1,2
Tupinamba,0,0,0,0,0,0,0,5,6,NA,2,6,6,3,2,2,2,1,2
Xavante,0,0,0,0,0,0,0,3,1,5,3,1,1,3,2,1,1,1,1
Kaingang,0,0,0,0,0,0,0,6,6,1,2,6,3,1,6,1,1,1,1
Kaiwa,0,0,0,0,0,0,0,1,NA,NA,1,6,6,3,6,1,1,1,NA
Mapuche,0,0,0,0,0,0,0,5,4,1,1,1,7,5,1,1,2,1,3
Tehuelche,0,0,0,0,0,0,0,2,3,1,1,6,3,1,4,1,1,1,2
Yahgan,0,0,0,0,0,0,0,2,3,NA,1,6,2,1,2,1,1,1,4
Ambulas,0,0,0,0,0,0,0,2,NA,NA,1,1,6,4,1,1,1,1,1
Adi,0,0,0,0,0,0,0,2,6,5,1,1,6,3,1,1,2,1,1
Abron,NA,NA,NA,NA,NA,NA,NA,6,NA,NA,1,3,6,3,1,3,NA,NA,NA
Afar,1,0,0,1,1,1,0,5,2,NA,1,1,4,2,1,3,2,1,4
Akha,0,0,0,0,0,0,0,2,6,NA,1,1,6,3,6,1,1,1,1
Kaweskar,0,0,0,0,0,0,0,2,NA,NA,2,6,2,1,6,1,1,1,1
Algerian,0,0,0,0,1,1,0,2,2,1,1,1,7,6,1,NA,5,2,4
Ovambo,0,0,0,0,1,1,0,5,NA,2,1,3,6,3,1,3,4,1,NA
Ambon,1,1,0,0,1,1,1,1,NA,1,1,7,6,3,1,3,4,1,4
Amis,NA,NA,NA,NA,0,0,0,1,NA,5,3,3,7,6,6,1,1,1,1
Anuak,1,0,0,1,0,0,0,5,NA,2,1,1,7,5,1,2,4,NA,NA
Naga_Ao,0,0,0,0,0,0,0,1,6,5,1,1,6,3,3,1,2,1,3
Oromo,1,1,1,0,1,1,0,5,2,NA,1,1,4,3,1,3,1,2,2
Sanskrit,0,0,0,0,0,0,0,6,NA,NA,1,7,9,NA,1,NA,NA,NA,NA
Wuvulu_Aua,0,0,0,0,1,0,1,3,6,5,4,3,2,4,6,2,1,1,NA
Aweti,0,0,0,0,NA,NA,NA,NA,NA,NA,NA,6,9,NA,NA,NA,NA,NA,NA
Bafia,0,0,0,0,1,1,0,5,4,5,1,1,6,3,1,1,1,1,NA
Bajuni,0,0,0,0,1,1,0,1,NA,1,2,1,8,3,1,1,1,2,NA
Aari,0,0,0,0,0,0,0,5,NA,NA,1,1,7,5,1,3,NA,2,2
Bamileke,0,0,0,0,0,0,0,5,NA,2,1,1,6,3,1,3,4,1,NA
Bamoun,0,0,0,0,1,1,0,5,1,NA,1,1,6,3,1,4,4,1,3
Shi,0,0,0,0,1,1,0,5,NA,NA,1,1,9,NA,1,NA,4,1,NA
Bashkort,0,0,0,0,1,1,0,2,2,NA,1,7,8,5,1,5,5,1,4
Batak_Toba,0,0,0,0,0,0,0,2,6,2,1,1,7,6,1,1,2,1,4
Gbaya,1,0,1,0,1,1,0,5,3,NA,1,1,6,3,1,1,1,1,2
Beaver,0,0,0,0,0,0,0,2,1,NA,3,6,3,1,6,1,1,1,1
Tetun,0,0,0,0,1,0,1,6,NA,1,3,3,6,3,1,2,4,3,NA
Bengali,0,0,0,0,0,0,0,2,1,1,1,7,7,6,7,5,5,4,1
Beja_Banuamir,1,0,1,1,1,1,0,2,NA,1,1,1,4,2,1,3,3,NA,4
Bhili,0,0,0,0,0,0,0,2,2,1,1,1,7,5,1,2,5,4,3
Koronadal_Blaan,0,0,0,0,NA,NA,NA,2,NA,NA,2,6,9,NA,1,NA,NA,NA,NA
Aklanon,0,0,0,0,1,0,1,1,NA,NA,2,6,9,NA,6,NA,NA,NA,NA
Garifuna,0,0,0,0,1,0,1,2,NA,1,2,5,6,4,6,1,1,1,4
Blackfoot,0,0,0,0,0,0,0,3,2,1,2,6,3,1,1,1,2,1,2
Boer,0,0,0,0,0,0,0,1,NA,1,1,6,4,5,7,3,3,3,NA
Mbesa,0,0,0,0,1,0,0,5,NA,2,1,1,6,3,1,1,1,1,NA
Bontok,0,0,0,0,1,0,1,1,6,2,2,6,7,6,2,1,3,1,NA
Mbororo_Fulani,0,0,0,0,1,1,0,5,6,1,1,6,4,3,1,1,2,NA,NA
Bozo,1,0,1,0,1,1,0,6,NA,5,1,1,2,6,1,2,1,2,4
Brazilian_Portugese,0,0,0,0,0,0,0,1,3,1,2,6,7,5,6,5,5,3,4
Buja,0,0,0,0,1,1,0,5,NA,NA,1,1,9,NA,1,NA,1,1,NA
Budu,0,0,0,0,1,0,0,5,5,2,1,1,6,3,1,1,1,1,NA
Bulgarian,0,0,0,0,0,0,0,1,NA,1,1,6,7,5,6,4,5,1,4
Mpun,0,0,0,0,1,1,0,5,NA,5,1,3,6,3,1,3,4,1,NA
Bunun,NA,NA,NA,NA,0,0,0,1,NA,NA,1,1,6,3,1,1,1,1,2
Burji,1,1,0,0,1,1,0,5,2,NA,1,1,7,5,1,NA,1,2,2
Buryat_Mongolian,0,0,0,0,0,0,0,2,NA,NA,1,1,4,NA,1,NA,4,NA,NA
Buyu,0,0,0,0,1,0,0,5,NA,5,1,3,6,3,1,3,4,1,2
Bwaidoka,0,0,0,0,NA,NA,NA,NA,NA,NA,1,5,9,NA,NA,NA,NA,NA,NA
Byelorussian,0,0,0,0,0,0,0,1,NA,1,2,6,7,5,7,5,5,NA,4
Kogi,0,0,0,0,0,0,0,2,NA,NA,3,6,6,3,2,1,2,1,2
Cahuilla,0,0,0,0,0,0,0,2,NA,NA,1,1,1,1,6,1,1,1,2
Kaqchikel,0,0,0,0,NA,NA,NA,1,NA,NA,1,1,9,NA,3,NA,4,1,NA
Kamayura,0,0,0,0,0,0,0,2,NA,2,1,6,6,3,2,1,1,1,2
Cambodian,0,0,0,0,0,0,0,2,2,1,2,6,7,6,1,4,5,1,1
Ashaninka,0,0,0,0,0,0,0,6,NA,5,2,6,6,3,6,1,1,1,2
Nung_China,0,0,0,0,NA,NA,NA,2,NA,NA,1,1,9,NA,1,NA,NA,NA,NA
Galibi,0,0,0,0,1,0,1,2,4,1,2,6,6,3,6,1,1,1,1
Saipan_Carolinian,0,0,0,0,1,1,0,1,6,5,3,3,8,4,6,1,1,1,NA
Dakelh,0,0,0,0,0,0,0,3,NA,1,3,3,8,1,1,1,4,1,3
Catawba,0,0,0,0,0,0,0,2,NA,1,2,6,7,5,6,NA,1,1,NA
Kukama_Kukamiria,0,0,0,0,0,0,0,2,NA,1,1,1,2,3,2,1,2,1,2
Shipibo,1,1,1,0,0,0,0,3,6,5,3,6,2,3,2,1,1,1,1
Cubeo,0,0,0,0,0,0,0,2,5,1,1,1,6,3,5,1,1,1,1
Cupeno,0,0,0,0,0,0,0,2,NA,NA,1,1,1,1,6,1,1,1,NA
Curripaco,0,0,0,0,0,0,0,1,NA,NA,1,6,6,3,NA,1,1,1,NA
Czech,0,0,0,0,0,0,0,1,NA,1,1,6,7,5,7,4,5,1,4
Daur,0,0,0,0,0,0,0,1,NA,NA,1,1,9,NA,1,NA,1,1,NA
Suau,0,0,0,0,1,0,1,2,NA,5,1,3,6,4,4,1,2,1,1
Dani,0,0,0,0,0,0,0,5,3,2,1,1,6,4,4,2,1,1,1
Shina,0,0,0,0,0,0,0,6,NA,1,1,1,7,5,1,3,4,4,1
Kumiai,0,0,0,0,0,0,0,4,NA,1,1,1,1,1,1,1,1,1,1
Dieri,1,0,0,0,1,1,0,3,NA,2,1,3,1,1,5,2,1,1,1
Digo,1,0,1,0,1,1,0,5,NA,NA,1,2,6,3,1,2,NA,NA,4
Dinka,0,0,0,0,0,0,0,5,NA,2,1,1,4,3,1,2,1,1,2
Dioula,1,1,1,0,1,1,0,6,NA,2,1,1,6,3,1,2,2,NA,4
Adamawa_Fulani,0,0,0,0,1,1,0,5,NA,2,1,1,4,2,1,NA,1,1,NA
Dobuan,0,0,0,0,NA,NA,NA,1,6,2,2,3,6,4,4,1,1,1,NA
Dogon,1,0,1,1,1,1,0,2,NA,NA,1,1,7,5,2,2,2,2,NA
Dogrib,0,0,0,0,0,0,0,2,NA,1,1,6,2,1,6,1,1,1,NA
Okiek,1,0,1,0,1,1,0,1,NA,NA,1,1,3,1,1,1,1,1,1
Druze,0,0,0,0,1,1,0,1,2,1,1,1,7,5,1,2,1,1,4
Duala,0,0,0,0,1,1,0,5,NA,1,1,1,6,3,1,3,2,1,2
Dusun,0,0,0,0,0,0,0,2,6,1,2,6,6,3,1,1,2,1,2
Dutch,0,0,0,0,0,0,0,1,5,1,2,6,7,5,6,4,5,1,4
Ding,0,0,0,0,1,1,0,5,NA,3,1,3,6,3,1,2,NA,NA,NA
Rapanui,0,0,0,0,0,0,0,2,6,NA,2,5,6,3,6,2,4,1,1
Mono,0,0,0,0,0,0,0,2,3,1,2,6,1,1,3,1,1,1,2
Efik,1,0,1,0,1,1,0,5,NA,NA,1,1,6,3,1,2,2,1,2
Ejagham,1,1,0,0,1,1,0,5,3,NA,1,1,6,3,2,1,NA,1,NA
Tuvalu,0,0,0,0,1,0,1,2,6,5,2,5,2,4,4,2,4,1,NA
Enga,0,0,0,0,0,0,0,2,2,5,1,1,6,3,1,1,1,1,1
Sie,0,0,0,0,1,0,1,2,NA,NA,1,1,9,NA,1,NA,NA,NA,NA
Erzya,0,0,0,0,0,0,0,1,4,NA,1,7,7,5,7,5,3,1,4
Estonian,0,0,0,0,0,0,0,1,2,2,2,6,7,5,7,5,5,1,4
Evenki,0,0,0,0,0,0,0,1,6,1,1,1,3,1,1,1,1,1,2
Ewe,0,0,0,0,1,1,0,6,6,NA,1,1,6,3,1,3,4,1,2
Beta_Israel,1,0,1,0,1,1,0,1,2,1,1,6,7,5,6,NA,2,1,4
Fang,0,0,0,0,1,1,0,5,6,1,1,1,6,3,1,1,2,3,2
Goroka,0,0,0,0,0,0,0,5,6,5,1,1,6,4,1,1,2,1,2
East_Futuna,0,0,0,0,1,0,1,2,6,5,2,5,6,4,6,2,4,1,1
Tongva,0,0,0,0,0,0,0,2,NA,NA,1,1,8,1,6,1,2,1,2
Gagauz,0,0,0,0,0,0,0,1,5,1,2,6,7,5,4,5,2,1,4
Georgian,0,0,0,0,0,0,0,1,NA,NA,1,NA,7,6,7,3,4,NA,4
Burarra,NA,NA,NA,NA,1,1,0,6,1,2,1,2,1,1,5,1,1,1,1
Kigiryama,1,0,1,0,1,1,0,5,NA,NA,1,1,6,3,1,4,1,NA,1
South_Giziga,0,0,0,0,0,0,0,5,NA,NA,1,1,6,3,1,2,NA,NA,2
Gogo,1,1,1,0,1,1,0,5,NA,NA,1,1,6,3,1,2,4,1,NA
Nanai,0,0,0,0,0,0,0,2,NA,NA,1,1,2,3,1,2,1,1,NA
Fiome,1,1,1,0,1,1,0,5,NA,NA,1,1,8,3,1,1,NA,NA,1
Greek,0,0,0,0,0,0,0,1,NA,1,1,6,7,5,7,4,5,1,4
Greenland_Inuit,0,0,0,0,0,0,0,1,6,1,2,6,2,1,6,1,1,1,4
Guahibo,0,0,0,0,0,0,0,2,3,1,3,6,6,3,2,1,1,1,1
Guaymi,0,0,0,0,NA,NA,NA,4,NA,NA,3,3,9,NA,2,NA,NA,NA,NA
Gujarati,0,0,0,0,0,0,0,2,1,1,1,1,7,5,1,4,5,4,1
Beja_Hadandawa,1,0,1,1,1,1,0,NA,NA,NA,1,1,4,NA,2,NA,NA,NA,NA
Pemba,0,0,0,0,1,1,0,5,NA,NA,1,5,6,3,1,4,4,NA,4
Hanunoo,0,0,0,0,0,0,0,2,NA,1,2,6,6,3,2,1,1,1,NA
Hawaiian,0,0,0,0,1,0,1,2,6,NA,2,5,7,6,6,3,4,1,1
Haya,0,0,0,0,0,0,0,5,NA,NA,1,1,7,5,1,3,4,1,2
Hazara,0,0,0,0,1,1,0,2,2,1,1,1,8,6,1,2,2,2,4
Herero,0,0,0,0,1,1,0,5,NA,2,1,2,4,1,1,1,2,1,NA
Ho,0,0,0,0,NA,NA,NA,6,NA,NA,1,1,9,NA,1,NA,4,NA,NA
Hopi,0,0,0,0,0,0,0,1,6,2,3,3,7,6,6,1,1,1,1
Huastec,0,0,0,0,NA,NA,NA,1,NA,NA,1,6,9,NA,1,NA,NA,NA,NA
Hunde,0,0,0,0,0,0,0,5,NA,NA,1,1,7,5,1,3,5,3,NA
Hungarian,0,0,0,0,0,0,0,1,2,1,1,6,7,5,4,4,5,1,4
Hupa,0,0,0,0,0,0,0,6,3,NA,2,6,2,1,1,1,2,1,1
Chaga,1,1,0,0,1,1,1,5,3,5,1,1,7,6,1,2,4,1,1
Peripheral_Mongolian,0,0,0,0,0,0,0,1,NA,1,1,1,4,2,1,3,4,1,1
Chakma,0,0,0,0,0,0,0,2,NA,1,1,1,6,3,1,2,NA,1,NA
Phan_Rang_Cham,0,0,0,0,0,0,0,2,NA,NA,3,3,7,6,3,3,4,1,1
Chamorro,0,0,0,0,0,0,0,1,2,1,2,6,6,3,6,2,1,1,4
Chechen,1,1,0,0,1,1,0,6,NA,NA,1,1,8,5,1,NA,NA,NA,4
Chemehuevi,0,0,0,0,0,0,0,1,NA,1,2,6,1,6,6,1,1,1,1
Chenchu,0,0,0,0,0,0,0,1,6,1,2,1,1,2,3,1,1,1,1
Mari,0,0,0,0,0,0,0,1,NA,NA,2,6,7,5,7,2,3,1,4
Cherokee,0,0,0,0,0,0,0,2,NA,1,3,3,6,3,6,3,1,1,NA
Cewa,0,0,0,0,0,0,0,5,1,2,1,3,6,3,2,3,1,1,1
Cheyenne,0,0,0,0,0,0,0,3,2,1,2,6,3,2,3,2,1,1,1
Chin_Haka,0,0,0,0,0,0,0,2,NA,1,1,1,6,3,1,2,4,1,1
Dene,0,0,0,0,0,0,0,2,6,1,1,6,3,1,6,1,1,1,1
Eastern_Bolivian_Guarani,0,0,0,0,0,0,0,2,NA,NA,1,6,6,3,2,2,NA,1,NA
Embera,0,0,0,0,0,0,0,1,NA,1,2,6,6,3,6,1,1,1,2
Vaghua_Choiseul,0,0,0,0,1,0,1,2,3,5,2,5,6,4,1,1,2,1,1
Cokwe,0,0,0,0,1,1,0,2,NA,3,1,3,6,3,3,3,4,1,NA
Chorote,0,0,0,0,0,0,0,1,6,1,3,6,1,2,2,1,1,1,1
Alaskan_Yupik,0,0,0,0,0,0,0,NA,3,2,1,6,2,1,6,1,4,1,1
Chuvash,0,0,0,0,0,0,0,1,3,1,1,6,7,5,4,5,2,1,4
Icelandic,0,0,0,0,0,0,0,1,NA,1,1,6,4,2,7,3,3,1,4
Ifora_Tuareg,1,0,1,0,1,1,0,1,NA,NA,1,NA,4,6,1,3,3,2,4
Woleai,0,0,0,0,0,0,0,1,6,1,2,7,6,4,6,2,1,1,1
Igala,0,0,0,0,1,1,0,5,1,NA,1,1,6,3,1,4,NA,NA,NA
Lamaholot,0,0,0,0,0,0,0,2,NA,1,1,1,6,3,1,3,4,1,NA
Ingrian,0,0,0,0,0,0,0,1,3,NA,1,6,7,5,7,5,2,1,4
Iranian,1,1,0,0,1,1,0,2,2,1,1,1,7,6,1,5,3,NA,4
Iraqw,1,1,1,0,1,1,0,2,NA,NA,1,2,8,5,1,2,2,NA,NA
Yaeyama,NA,NA,NA,NA,NA,NA,NA,1,NA,NA,1,1,9,NA,6,NA,NA,NA,NA
Itelmen,0,0,0,0,0,0,0,2,6,1,1,6,2,1,2,1,1,1,2
Jicarilla,0,0,0,0,0,0,0,3,3,1,3,6,3,3,6,1,1,1,1
Jordanian,0,0,0,0,1,1,0,2,NA,NA,1,1,7,5,1,3,5,NA,4
Kabyle,0,0,0,0,1,1,0,2,NA,1,1,1,7,5,1,4,1,NA,4
Kaguru,1,1,0,0,1,1,0,2,NA,NA,3,3,6,3,1,2,1,1,2
Kachari,0,0,0,0,NA,NA,NA,2,NA,NA,1,1,9,NA,1,NA,NA,NA,NA
Jingpo,0,0,0,0,0,0,0,2,4,1,1,1,6,3,1,2,4,1,3
Kalinga,0,0,0,0,0,0,0,1,3,2,3,6,7,6,6,2,2,1,2
Kalmyk,0,0,0,0,0,0,0,1,NA,1,1,1,4,2,4,4,4,1,NA
Kamba,1,0,1,0,1,1,1,5,4,NA,1,1,7,5,1,2,NA,NA,2
Kanembu,0,0,0,0,1,1,0,6,NA,NA,1,6,7,5,4,2,4,2,4
Kanuri,0,0,0,0,1,1,0,5,1,1,1,6,7,5,1,4,4,2,4
Kaonde,0,0,0,0,0,0,0,5,NA,NA,1,3,6,3,3,2,1,1,NA
Kapingamarangi,0,0,0,0,0,0,0,2,6,5,2,6,6,4,6,2,4,1,1
Regi,NA,NA,NA,NA,0,0,0,2,NA,NA,1,1,7,5,3,1,1,1,NA
Karelian,0,0,0,0,0,0,0,1,3,1,1,7,8,3,7,5,2,1,4
Karen_Pwo_Western,0,0,0,0,0,0,0,1,NA,NA,3,6,7,6,6,1,2,1,2
Kariyarra,NA,NA,NA,NA,1,0,0,3,NA,2,1,2,3,1,5,1,1,1,NA
Kashmiri,0,0,0,0,1,1,0,2,1,1,1,1,7,6,1,4,5,4,4
Chippewa,0,0,0,0,0,0,0,2,2,1,1,1,2,1,6,1,1,1,2
Kawaiisu,0,0,0,0,0,0,0,1,NA,NA,1,6,1,1,1,1,2,1,NA
Tatar,0,0,0,0,1,1,0,2,2,1,1,6,7,5,1,5,5,1,4
Kei,1,1,0,0,1,1,0,2,NA,NA,1,1,6,4,1,1,1,1,NA
Kela,0,0,0,0,1,0,0,4,NA,NA,1,1,6,3,1,1,1,1,NA
Malayalam,0,0,0,0,0,0,0,2,NA,3,4,3,7,6,6,3,5,4,NA
Kerewe,0,0,0,0,0,0,0,5,NA,NA,1,1,7,5,1,3,4,1,NA
Ket,0,0,0,0,0,0,0,1,NA,NA,1,1,2,1,1,1,1,1,NA
Khasi,0,0,0,0,0,0,0,1,NA,1,3,3,6,3,6,2,4,1,2
Kui,0,0,0,0,NA,NA,NA,2,NA,NA,1,1,9,NA,1,NA,NA,NA,NA
Kodi,0,0,0,0,1,0,1,NA,NA,NA,1,2,9,NA,1,NA,NA,NA,NA
Kohistani,0,0,0,0,1,1,0,2,NA,1,1,1,8,6,1,2,3,4,4
Bakoko,1,0,1,0,1,1,0,5,1,NA,1,1,9,NA,1,NA,NA,3,NA
Mundari,0,0,0,0,0,0,0,2,NA,1,1,5,7,5,1,2,NA,4,NA
Koongo,0,0,0,0,1,1,0,2,6,3,1,3,6,3,1,2,4,1,NA
Vitu,0,0,0,0,1,0,1,NA,NA,NA,1,1,2,NA,1,NA,NA,NA,NA
Koryak,0,0,0,0,0,0,0,2,2,1,2,6,2,1,2,1,2,1,3
Kota,0,0,0,0,1,1,0,2,1,2,1,1,6,3,1,1,1,3,NA
Kotoko,1,1,1,0,1,1,0,6,NA,NA,1,NA,7,5,1,3,4,NA,4
Kru,0,0,0,0,0,0,0,5,NA,NA,1,1,6,3,1,2,NA,NA,NA
Bushoong,0,0,0,0,1,1,0,2,NA,2,1,3,6,3,1,3,4,3,2
Mizo,0,0,0,0,0,0,0,6,NA,NA,1,1,9,NA,1,NA,NA,NA,NA
Komo,0,0,0,0,1,1,0,5,NA,NA,1,1,6,3,1,1,1,1,NA
Kumyk,0,0,0,0,1,1,0,2,NA,NA,2,6,7,5,1,NA,NA,NA,4
Kunda,NA,NA,NA,NA,NA,NA,NA,5,NA,NA,2,3,6,3,2,3,1,1,NA
Kosraean,0,0,0,0,0,0,0,2,6,2,1,3,6,4,6,3,4,1,2
Gwichin,0,0,0,0,1,0,1,2,4,2,2,3,2,1,6,2,2,1,1
Kusu,0,0,0,0,1,0,0,5,NA,NA,1,1,6,3,1,2,1,1,NA
Kwaio,0,0,0,0,0,0,0,2,NA,NA,1,7,9,NA,1,NA,NA,NA,NA
Kwere,0,0,0,0,1,1,0,5,NA,NA,3,3,6,3,1,1,1,1,NA
Lacandon,0,0,0,0,0,0,0,6,2,1,1,1,6,3,3,NA,1,1,2
Maututu,0,0,0,0,0,0,0,3,NA,5,1,7,6,4,1,1,2,1,NA
Lala_Bisa,0,0,0,0,0,0,0,2,6,NA,1,3,6,3,2,2,4,1,2
Latvian,0,0,0,0,0,0,0,1,2,NA,1,6,7,5,7,5,5,1,4
Lamba,0,0,0,0,0,0,0,2,NA,NA,2,3,6,3,2,3,1,1,2
Lawa,0,0,0,0,0,0,0,1,3,1,1,1,6,3,1,2,4,1,1
Lebanese,0,0,0,0,1,1,0,1,NA,NA,1,1,7,5,6,4,5,1,4
Lele,0,0,0,0,NA,NA,NA,5,NA,5,1,3,6,3,1,2,4,2,1
Naga_Lotha,0,0,0,0,0,0,0,6,NA,5,1,1,6,3,1,1,2,1,1
Hlai,0,0,0,0,0,0,0,2,6,1,1,1,7,5,1,3,2,1,1
Dehu,0,0,0,0,1,0,0,5,NA,5,1,1,6,4,1,2,4,1,NA
Lipan_Apache,0,0,0,0,0,0,0,1,NA,1,3,6,1,1,6,2,1,1,NA
Karaim,0,0,0,0,1,1,0,2,2,NA,1,6,6,4,7,5,5,1,4
Lithuanian,0,0,0,0,0,0,0,1,NA,1,1,6,7,5,7,4,5,2,4
Livonian,0,0,0,0,0,0,0,1,2,NA,1,6,2,5,7,5,2,1,4
Locono,0,0,0,0,0,0,0,2,NA,NA,3,3,6,3,2,1,1,1,2
Likile,0,0,0,0,1,1,0,5,NA,NA,1,1,2,3,1,1,NA,1,NA
Luba_Katanga,0,0,0,0,1,1,0,5,1,NA,1,1,6,3,1,4,4,1,2
Luiseno,0,0,0,0,0,0,0,3,NA,1,1,1,1,1,1,1,1,1,1
Luba_Kasai,0,0,0,0,1,1,0,5,NA,NA,1,1,9,NA,1,NA,NA,NA,NA
Luo,0,0,0,0,0,0,0,4,6,2,1,1,7,5,1,2,2,1,2
Luvale,0,0,0,0,1,1,0,5,6,3,1,3,6,3,3,2,1,1,2
Soonde,0,0,0,0,1,1,0,5,NA,NA,1,3,9,NA,1,NA,NA,NA,NA
Makassar,1,1,0,0,1,1,0,2,3,1,2,5,7,6,1,4,4,1,4
Macushi,0,0,0,0,0,0,0,2,NA,NA,3,6,6,3,2,1,1,1,NA
Fuyug,0,0,0,0,0,0,0,6,6,5,1,1,6,4,1,1,2,1,1
Eastern_Magar,0,0,0,0,0,0,0,2,2,1,1,1,7,6,7,4,5,4,1
Makah,0,0,0,0,0,0,0,2,NA,1,1,5,2,1,4,1,4,1,1
Makhuwa,1,1,0,0,1,1,0,5,NA,NA,2,3,9,NA,2,NA,1,1,NA
Singapore_Malay,1,1,0,0,1,1,0,2,2,1,1,6,7,6,1,3,4,1,4
Mandinka,1,0,1,0,1,1,0,5,NA,2,1,1,6,3,1,2,4,2,NA
Mambwe,0,0,0,0,0,0,0,5,NA,NA,1,1,6,3,1,2,NA,NA,2
Kim_Mun,0,0,0,0,NA,NA,NA,2,NA,NA,1,1,9,NA,1,NA,NA,NA,NA
Manam,0,0,0,0,0,0,0,2,NA,5,1,1,6,4,6,1,1,1,1
Rarotongan,0,0,0,0,1,0,1,3,3,1,2,5,6,4,6,2,4,1,1
Mangarevan,0,0,0,0,1,0,1,2,6,NA,2,5,2,4,6,3,4,1,1
Western_Bukidnon_Manobo,0,0,0,0,0,0,0,2,NA,NA,1,6,6,3,1,1,1,1,NA
Mansi,0,0,0,0,0,0,0,1,3,1,1,7,2,1,1,1,1,1,2
Balochi,1,1,0,0,1,1,0,6,2,NA,1,1,4,5,1,3,4,2,4
Wichi,0,0,0,0,0,0,0,2,6,1,2,6,2,2,2,1,1,1,1
Mattole,0,0,0,0,0,0,0,2,2,NA,2,6,3,1,1,1,2,1,1
Mawe,0,0,0,0,0,0,0,2,NA,NA,1,1,6,3,2,1,1,1,NA
Mazatec,0,0,0,0,NA,NA,NA,2,NA,NA,1,6,9,NA,6,NA,NA,NA,NA
Mbala_Ivukuna,0,0,0,0,NA,NA,NA,5,NA,NA,1,3,9,NA,1,NA,1,1,NA
Mbugwe,NA,NA,NA,NA,1,1,0,1,NA,NA,1,2,8,NA,1,NA,2,1,NA
Mbum,0,0,0,0,1,1,0,5,2,3,1,1,6,3,1,2,NA,NA,2
Mekeo,0,0,0,0,0,0,0,6,NA,5,1,1,6,4,1,1,4,1,NA
Mentawai,0,0,0,0,0,0,0,1,6,NA,2,5,6,4,2,1,1,1,NA
Miao,0,0,0,0,0,0,0,2,6,1,1,7,7,6,1,2,1,1,NA
Midob,1,0,1,0,1,1,0,5,NA,NA,NA,3,4,2,1,2,NA,NA,4
Karbi,0,0,0,0,NA,NA,NA,2,NA,NA,1,1,9,NA,6,NA,NA,NA,NA
Min_nan_Chinese,0,0,0,0,0,0,0,2,NA,1,1,1,7,6,1,5,5,1,NA
Minangkabau,1,1,0,0,1,1,0,2,NA,2,4,3,7,6,6,3,4,1,4
Bai,0,0,0,0,0,0,0,2,2,1,1,1,7,6,1,2,2,1,1
Mixe,0,0,0,0,0,0,0,1,3,1,1,6,6,3,6,2,NA,1,4
Mixtec,0,0,0,0,NA,NA,NA,NA,NA,NA,NA,6,9,NA,NA,NA,NA,NA,NA
Miyako,NA,NA,NA,NA,NA,NA,NA,1,NA,NA,1,6,9,NA,6,NA,NA,NA,NA
Eastern_Mnong,0,0,0,0,0,0,0,2,NA,1,3,3,6,3,4,1,2,1,1
Moghol,0,0,0,0,1,1,0,2,2,1,1,1,7,6,1,NA,2,2,4
Mohave,0,0,0,0,0,0,0,2,6,NA,2,1,7,5,6,2,1,1,1
Molima,0,0,0,0,NA,NA,NA,NA,NA,NA,1,5,9,NA,1,NA,NA,NA,NA
Tu,0,0,0,0,0,0,0,2,4,1,1,1,7,5,1,2,4,NA,NA
Moroccan,0,0,0,0,1,1,0,2,NA,NA,1,1,7,6,1,5,5,2,4
Mota,0,0,0,0,0,0,0,3,NA,5,1,3,6,4,1,1,2,1,1
Bari,0,0,0,0,0,0,0,6,NA,NA,2,4,1,3,6,1,NA,NA,NA
Motu,0,0,0,0,0,0,0,NA,4,3,1,7,6,3,1,1,2,1,1
Myene,0,0,0,0,1,1,0,5,NA,NA,1,3,6,3,1,1,NA,3,NA
Muong,0,0,0,0,0,0,0,2,NA,1,1,1,7,6,1,3,4,1,1
Murrinh_Patha,NA,NA,NA,NA,1,1,0,6,NA,NA,1,1,1,1,NA,1,NA,NA,1
Mozabite,0,0,0,0,1,1,0,1,2,1,1,1,7,6,1,1,4,3,4
Tanana,0,0,0,0,0,0,0,1,1,NA,2,3,3,1,3,1,1,1,1
Nandi,1,1,0,0,1,1,0,2,NA,5,1,7,8,5,1,2,1,1,2
Naro,0,0,0,0,0,0,0,2,NA,NA,2,6,1,1,3,1,1,1,2
Naskapi,0,0,0,0,0,0,0,2,6,1,2,6,3,1,6,1,1,1,2
Navajo,0,0,0,0,0,0,0,4,3,1,3,3,7,6,3,1,1,1,1
Ndau,0,0,0,0,0,0,0,5,NA,NA,1,2,9,NA,1,NA,NA,1,NA
Ndebele,0,0,0,0,1,1,0,5,NA,5,1,1,6,3,1,4,3,3,2
Lunda_Mwinilunga,0,0,0,0,1,1,0,5,NA,3,1,3,6,3,3,3,NA,1,NA
Ndobo,0,0,0,0,NA,NA,NA,5,NA,NA,1,1,6,3,1,2,NA,1,NA
Negidal,0,0,0,0,0,0,0,2,4,1,1,1,2,1,1,1,2,1,2
Lingala,0,0,0,0,1,1,0,5,NA,NA,1,1,8,3,1,2,2,1,2
Nganasan,0,0,0,0,0,0,0,2,6,1,1,4,3,1,1,1,1,1,2
Ngombe,0,0,0,0,1,0,0,5,6,1,1,1,6,3,1,2,1,1,1
Ngulu,1,1,0,0,1,1,0,2,NA,1,1,3,6,3,3,1,1,1,2
Ngumbo,0,0,0,0,1,1,0,5,6,2,1,1,6,3,1,1,1,3,NA
Nkhumbi,0,0,0,0,1,1,0,5,NA,NA,1,3,9,NA,1,NA,4,1,NA
Niue,0,0,0,0,1,0,1,2,6,NA,2,5,8,4,6,2,4,1,1
Mortlockese,0,0,0,0,0,0,0,1,NA,NA,3,3,9,NA,6,NA,NA,NA,NA
Nuu_Chah_Nulth,0,0,0,0,0,0,0,2,2,1,2,6,2,1,4,2,4,1,1
Nuer,0,0,0,0,0,0,0,5,NA,2,2,1,4,3,1,1,1,3,4
Alaskan_Inuit,0,0,0,0,0,0,0,2,6,1,2,6,3,1,2,1,2,1,1
Central_Yupik,0,0,0,0,0,0,0,2,NA,2,1,4,2,1,6,1,2,1,1
Nupe,0,0,0,0,1,1,0,5,2,2,1,1,6,3,1,3,5,1,4
Kamviri,0,0,0,0,1,1,0,5,NA,1,1,1,7,6,1,2,2,2,NA
Nyamwezi,0,0,0,0,0,0,0,5,4,5,1,5,6,3,1,3,4,1,2
Nyanja,0,0,0,0,0,0,0,5,NA,NA,3,3,6,3,2,2,1,1,NA
Nyankore,0,0,0,0,0,0,0,5,NA,NA,1,7,6,3,1,4,3,3,2
Nyimang,0,0,0,0,1,1,0,5,NA,2,1,1,7,5,1,1,1,1,NA
Khanty,0,0,0,0,0,0,0,2,NA,1,1,1,2,1,1,1,2,1,4
Okinawan,0,0,0,0,0,0,0,1,3,1,1,7,7,5,3,3,4,1,1
Ona,0,0,0,0,0,0,0,2,2,1,1,6,3,1,6,1,1,1,2
Ontong_Java,0,0,0,0,0,0,0,2,NA,1,2,5,8,4,6,1,2,1,1
Opata,0,0,0,0,NA,NA,NA,1,NA,NA,2,6,9,NA,6,NA,NA,NA,NA
Oraon,0,0,0,0,0,0,0,2,NA,5,1,1,7,5,1,2,NA,4,NA
Oroch,0,0,0,0,0,0,0,2,6,1,1,1,2,1,1,1,1,1,2
Orok,0,0,0,0,0,0,0,2,4,1,1,1,2,1,1,1,1,1,2
Ossetian,0,0,0,0,0,0,0,2,NA,NA,1,1,4,5,1,2,4,NA,4
Yoruba,1,1,1,0,1,1,0,5,3,1,1,7,6,3,1,4,5,1,2
Paez,0,0,0,0,0,0,0,6,NA,NA,2,6,7,5,6,2,NA,1,NA
Paiwan,NA,NA,NA,NA,0,0,0,2,NA,3,2,5,6,3,1,2,4,1,1
Palaung,0,0,0,0,0,0,0,2,6,NA,1,6,6,3,1,2,2,1,1
Palikur,0,0,0,0,0,0,0,1,NA,NA,1,1,6,3,6,1,1,1,NA
Paraujano,0,0,0,0,0,0,0,2,6,1,2,6,2,1,1,1,1,1,2
Asu,1,1,0,0,1,1,0,5,NA,NA,1,1,7,5,1,1,4,1,NA
Paressi,0,0,0,0,0,0,0,3,NA,1,2,6,6,3,6,1,1,1,1
Pashtun,0,0,0,0,1,1,0,2,NA,NA,1,7,7,6,1,3,5,2,4
Pedi,0,0,0,0,1,1,0,5,2,2,1,1,6,3,1,3,2,1,NA
Pende,0,0,0,0,1,1,0,5,NA,NA,1,3,6,3,3,2,4,1,NA
Piapoco,0,0,0,0,0,0,0,5,3,NA,1,6,6,3,6,1,1,1,NA
Piaroa,0,0,0,0,0,0,0,2,NA,NA,3,6,3,3,6,1,1,1,1
Yine,1,0,1,0,0,0,0,2,NA,NA,3,6,9,NA,6,NA,NA,NA,NA
Bera,0,0,0,0,0,0,0,5,2,NA,1,1,6,3,1,1,1,1,NA
Cree,0,0,0,0,0,0,0,2,6,1,1,6,3,1,1,1,1,1,2
Pokot,1,0,0,1,1,1,0,5,3,2,1,1,4,3,1,2,1,1,2
Chitonga,0,0,0,0,0,0,0,5,6,2,1,3,6,3,1,1,1,1,3
Podokwo,0,0,0,0,0,0,0,5,2,1,1,1,7,5,1,2,1,1,2
Pokomo,0,0,0,0,1,1,0,2,NA,5,1,1,7,6,1,2,1,1,NA
Pohnpeian,0,0,0,0,1,0,0,2,6,NA,3,3,6,4,6,3,4,1,1
Portugese,0,0,0,0,0,0,0,1,NA,NA,1,6,9,NA,6,NA,5,1,NA
Leku,0,0,0,0,1,1,0,5,6,NA,1,1,2,3,1,2,1,1,NA
Batanga,NA,NA,NA,NA,1,0,0,5,NA,NA,1,1,6,3,1,2,1,3,NA
Puyuma,NA,NA,NA,NA,0,0,0,1,NA,5,2,5,7,6,6,1,4,1,NA
Ojibwa,0,0,0,0,0,0,0,2,4,1,2,1,3,1,1,1,1,1,1
Rangi,1,0,1,0,1,1,0,5,NA,NA,1,3,6,3,1,2,1,1,NA
Southeast_Ambrym,0,0,0,0,1,0,1,2,NA,NA,1,2,9,NA,5,NA,NA,NA,NA
Tuamotu,0,0,0,0,1,0,1,2,6,NA,2,5,2,4,6,2,1,1,NA
Lega,0,0,0,0,1,1,0,5,2,NA,1,1,6,3,1,2,1,1,2
Saharawi,1,0,1,0,1,1,0,2,NA,1,1,1,4,6,1,4,5,4,4
Naga_Southern_Rengma,0,0,0,0,NA,NA,NA,2,NA,NA,1,1,9,NA,1,NA,NA,NA,NA
Rennellese,0,0,0,0,1,0,1,2,6,NA,NA,6,6,4,6,2,4,1,NA
Romanian,0,0,0,0,0,0,0,1,NA,NA,2,6,9,NA,6,NA,NA,NA,NA
Termanu,0,0,0,0,1,1,1,6,NA,NA,1,1,9,NA,1,NA,4,1,NA
Rotuman,0,0,0,0,1,0,1,1,3,1,3,7,6,4,6,2,4,1,NA
Rwanda,0,0,0,0,0,0,0,5,2,1,1,1,7,5,1,4,5,3,2
Wayana,0,0,0,0,NA,NA,NA,3,NA,NA,3,6,9,NA,NA,NA,NA,NA,NA
Rundi,0,0,0,0,0,0,0,5,2,1,1,1,7,5,3,4,5,3,2
Northern_Kankanay,0,0,0,0,0,0,0,1,6,2,2,6,7,6,4,1,2,1,1
Sakalava_Malagasy,0,0,0,0,1,1,0,5,6,1,1,1,4,3,6,4,4,1,2
Sakata,0,0,0,0,1,0,0,5,NA,2,1,3,6,3,1,2,1,1,NA
Samburu,1,0,0,1,1,1,0,5,6,5,1,1,4,1,1,3,1,NA,NA
Sandawe,1,0,1,0,1,1,0,2,NA,NA,1,1,6,3,1,2,1,1,2
Bomwali,0,0,0,0,1,0,0,5,NA,2,1,1,6,3,1,1,1,3,NA
Santa_Cruz,0,0,0,0,0,0,0,2,2,5,1,3,6,4,1,1,2,1,NA
Libyan,0,0,0,0,1,1,0,6,NA,NA,1,1,4,5,1,4,NA,NA,4
Sara,1,1,1,0,1,1,0,5,NA,2,1,1,6,3,1,1,1,1,NA
Sarsi,0,0,0,0,0,0,0,3,2,1,1,6,3,1,1,2,1,1,NA
Hare,0,0,0,0,1,0,1,2,6,NA,2,6,2,1,6,1,1,1,2
Selkup,0,0,0,0,0,0,0,2,NA,NA,1,1,8,1,1,1,2,1,NA
Moken,0,0,0,0,0,0,0,2,NA,1,2,6,2,1,6,1,1,1,NA
Nahavaq,0,0,0,0,0,0,0,3,NA,5,1,1,6,4,1,1,2,1,NA
Semai,0,0,0,0,0,0,0,2,6,1,2,6,6,3,6,1,1,1,1
Serbocroatian,0,0,0,0,0,0,0,1,2,1,1,1,7,5,7,4,5,1,4
Serer,0,0,0,0,1,1,0,5,6,2,1,2,6,3,1,3,4,2,NA
Seri,0,0,0,0,0,0,0,1,NA,1,1,6,2,1,1,1,1,1,NA
Serrano,0,0,0,0,0,0,0,6,NA,NA,1,1,1,1,1,1,1,1,2
Shambala,0,0,0,0,1,1,0,5,NA,5,1,1,7,5,1,3,4,NA,NA
Northern_Han_Chinese,0,0,0,0,0,0,0,1,NA,1,1,1,7,5,7,5,5,1,NA
Sherpa,0,0,0,0,0,0,0,7,6,1,1,1,8,5,7,3,2,2,1
Taabwa,0,0,0,0,NA,NA,NA,2,NA,NA,1,3,9,NA,2,NA,NA,1,NA
Tsogo,0,0,0,0,1,1,0,5,6,3,1,3,6,3,1,1,NA,NA,NA
Korekore,0,0,0,0,1,1,0,4,NA,5,1,7,6,3,1,3,NA,NA,4
Simbo,0,0,0,0,1,0,1,2,NA,NA,2,5,9,NA,1,NA,NA,NA,NA
Sindhi,0,0,0,0,1,1,0,2,2,1,1,1,7,6,1,4,3,4,4
Sinhalese,0,0,0,0,0,0,0,1,6,1,2,4,7,6,7,4,5,4,NA
Wailaki,0,0,0,0,0,0,0,2,4,1,2,6,1,1,1,1,2,1,3
Siwi,0,0,0,0,1,1,0,2,1,NA,1,1,7,6,1,2,2,NA,4
Soga,0,0,0,0,0,0,0,5,NA,3,1,1,7,5,1,3,4,1,NA
Songe,0,0,0,0,1,1,0,5,6,NA,1,1,6,3,1,1,2,1,2
Tsong,0,0,0,0,1,1,0,5,NA,5,1,3,6,3,1,2,1,1,NA
Songoora,0,0,0,0,1,1,0,5,NA,5,1,1,2,3,1,2,1,1,2
Sotho,0,0,0,0,1,1,0,5,NA,NA,1,1,7,5,1,4,4,1,1
Ute_Southern_Paiute,0,0,0,0,0,0,0,2,6,1,2,6,3,2,6,1,1,1,2
Spanish,0,0,0,0,0,0,0,1,2,1,2,6,7,5,6,4,5,NA,4
Subanen,0,0,0,0,0,0,0,2,NA,1,2,6,6,3,1,1,1,1,1
Cebuano,0,0,0,0,1,0,1,1,NA,1,2,6,7,6,1,5,5,1,4
Sukuma,0,0,0,0,0,0,0,5,6,5,1,5,7,5,1,3,4,1,2
Kambera,0,0,0,0,1,0,1,2,NA,1,1,1,7,6,4,2,4,1,NA
Bima,1,1,0,0,1,0,1,1,NA,1,2,6,6,3,6,3,1,1,4
Sumbwa,NA,NA,NA,NA,0,0,0,5,4,5,1,1,7,5,1,3,4,1,2
Suundi,0,0,0,0,1,0,0,5,NA,3,1,3,6,3,1,2,NA,NA,NA
Svan,0,0,0,0,1,0,0,1,NA,NA,1,1,8,5,1,NA,NA,NA,4
Swati,0,0,0,0,1,1,0,4,NA,2,1,1,6,3,1,4,4,1,1
Syrian,0,0,0,0,1,1,0,2,NA,1,1,1,7,6,1,3,3,NA,4
Tagbanwa,0,0,0,0,0,0,0,2,NA,1,2,6,6,3,2,1,4,1,NA
Tahitian,0,0,0,0,1,0,1,2,6,NA,2,5,6,4,6,3,4,1,1
Taino,0,0,0,0,0,0,0,2,6,NA,1,NA,7,6,1,3,4,1,2
Tamil,0,0,0,0,0,0,0,2,NA,1,1,1,7,6,7,4,5,4,NA
Tanaina,0,0,0,0,0,0,0,6,2,3,1,3,2,1,2,1,4,1,1
Selaru,NA,NA,NA,NA,0,0,0,2,NA,2,1,1,6,3,1,2,4,1,NA
Southwest_Tanna,0,0,0,0,1,0,1,2,NA,5,1,1,6,4,1,2,4,1,NA
Tapirape,0,0,0,0,0,0,0,1,1,5,3,6,6,3,6,1,1,1,1
Tarahumara,0,0,0,0,0,0,0,2,6,1,2,6,7,5,2,1,2,1,4
Purepecha,0,0,0,0,0,0,0,2,NA,NA,1,6,7,5,6,3,4,1,NA
Datooga,1,0,1,0,1,1,0,5,2,NA,1,1,4,3,1,2,1,2,NA
Teke_Eboo,0,0,0,0,1,1,0,NA,NA,NA,1,3,6,3,1,1,NA,NA,NA
Telugu,0,0,0,0,0,0,0,2,3,1,1,1,7,6,7,4,5,4,1
Tembe,0,0,0,0,0,0,0,2,NA,1,3,6,6,3,2,1,1,1,1
Tepehuan,0,0,0,0,NA,NA,NA,NA,NA,NA,NA,6,9,NA,NA,NA,NA,NA,NA
Terena,0,0,0,0,0,0,0,2,1,1,2,5,8,3,6,1,4,1,2
Tetela,0,0,0,0,1,1,0,5,NA,NA,1,1,9,NA,1,NA,2,1,NA
Lakota,0,0,0,0,0,0,0,3,3,NA,2,6,3,1,1,2,1,1,2
Chin_Thado,0,0,0,0,0,0,0,6,NA,4,1,1,6,3,1,2,2,1,2
Tibetan,0,0,0,0,0,0,0,7,NA,NA,1,1,7,6,7,5,5,NA,1
Tigre,1,0,0,1,1,1,0,2,NA,1,1,1,4,3,1,2,3,NA,4
Tigray,1,1,0,0,1,1,0,1,NA,NA,1,7,7,5,7,3,5,2,4
Tlingit,0,0,0,0,0,0,0,2,3,3,1,3,2,1,4,1,4,1,1
Toba,0,0,0,0,0,0,0,2,6,1,2,6,8,4,6,2,1,1,4
Tokelau,0,0,0,0,1,0,1,2,6,5,2,5,2,4,6,2,1,1,NA
Tolowa,0,0,0,0,0,0,0,6,2,1,1,1,8,1,1,1,2,1,1
Tongan,0,0,0,0,1,0,0,2,3,1,1,5,6,4,6,3,4,1,1
Penrhyn,0,0,0,0,1,0,1,2,NA,NA,2,6,2,4,6,2,NA,1,NA
Poke,0,0,0,0,1,0,0,5,NA,3,1,1,6,3,1,3,4,1,NA
Tswana,0,0,0,0,1,1,0,4,3,5,1,4,6,3,1,3,3,3,4
Tubatulabal,0,0,0,0,0,0,0,1,3,NA,2,6,1,1,1,2,1,1,1
Tupuri,0,0,0,0,0,0,0,5,NA,NA,1,1,6,3,1,1,1,NA,3
Ticuna,0,0,0,0,1,0,1,2,3,2,1,1,8,3,5,1,1,1,2
Pulaar,1,0,1,1,1,1,0,6,6,NA,1,1,6,3,1,2,4,2,4
Tumbuka,0,0,0,0,0,0,0,4,NA,NA,1,1,6,3,1,3,4,1,3
Tunebo,0,0,0,0,0,0,0,6,NA,1,2,6,6,3,3,1,1,1,2
Tunisian,0,0,0,0,1,1,0,2,NA,NA,1,1,7,5,1,5,5,2,4
Turkana,1,0,0,1,1,1,0,5,NA,NA,1,1,6,3,1,1,1,1,3
Turkmen,0,0,0,0,1,1,0,2,NA,NA,1,1,7,6,1,4,4,NA,4
Nyaturu,1,1,1,0,1,1,0,5,NA,2,1,1,8,5,1,1,1,2,NA
Tututni,0,0,0,0,0,0,0,6,3,NA,1,1,2,1,1,1,2,1,NA
Tzetzal,0,0,0,0,NA,NA,NA,2,NA,NA,1,1,9,NA,2,NA,NA,NA,NA
Udegey,0,0,0,0,0,0,0,2,4,1,1,1,8,1,1,1,1,1,2
Udmurt,0,0,0,0,0,0,0,1,6,NA,2,7,7,5,1,5,2,1,4
Ukrainian,0,0,0,0,0,0,0,1,NA,1,1,6,7,5,7,5,5,1,4
Saa,0,0,0,0,0,0,0,2,2,5,1,5,6,4,1,1,1,1,1
Ulch,0,0,0,0,0,0,0,2,3,1,1,1,2,1,1,1,2,1,2
Siberian_Yupik,0,0,0,0,0,0,0,2,6,1,1,6,2,1,2,1,2,1,2
Uru,0,0,0,0,1,1,1,2,NA,NA,2,6,2,NA,6,NA,NA,NA,NA
East_Uvea,0,0,0,0,1,0,1,2,6,5,2,5,6,4,6,3,4,1,1
Uzbek,0,0,0,0,1,1,0,6,NA,NA,1,1,4,NA,1,NA,NA,NA,NA
Venda,0,0,0,0,1,1,0,4,4,4,1,2,7,5,1,3,4,1,3
Veps,0,0,0,0,0,0,0,1,4,1,1,6,7,5,7,5,2,1,4
Bukusu,0,0,0,0,1,1,0,2,6,NA,1,1,6,3,1,1,2,1,NA
Waiwai,0,0,0,0,0,0,0,2,6,1,2,6,6,3,2,1,1,1,1
Warlpiri,1,0,0,0,1,1,0,3,1,2,1,2,1,1,3,1,1,1,1
Walloon,0,0,0,0,0,0,0,1,NA,1,2,6,7,5,7,5,5,1,4
Wapishana,0,0,0,0,0,0,0,6,NA,1,1,6,6,3,2,1,1,1,NA
Waropen,NA,NA,NA,NA,NA,NA,NA,2,NA,NA,1,1,8,4,4,1,1,1,NA
Washo,0,0,0,0,0,0,0,2,NA,1,2,6,1,1,6,1,1,1,1
Western_Apache,0,0,0,0,0,0,0,2,4,1,3,3,3,3,3,1,1,1,NA
Wik_Mungkan,0,0,0,0,0,0,0,3,NA,NA,1,1,8,1,7,1,1,1,NA
Shoshoni,0,0,0,0,0,0,0,2,6,1,3,6,3,1,2,2,1,1,NA
Wogeo,0,0,0,0,1,0,1,6,4,5,1,2,6,4,4,1,1,1,1
Wangaaybuwan_Ngiyambaa,0,0,0,0,0,0,0,2,NA,NA,1,2,2,1,5,1,1,1,NA
Karretjie,0,0,0,0,0,0,0,2,NA,NA,2,6,1,1,2,1,1,1,NA
Xhosa,0,0,0,0,1,1,0,5,NA,NA,1,1,6,3,1,4,4,1,NA
Yaka,0,0,0,0,1,1,0,5,NA,3,1,3,6,3,1,2,NA,NA,NA
Yakut,0,0,0,0,0,0,0,5,6,1,1,1,4,2,4,3,2,1,3
Yami,NA,NA,NA,NA,0,0,0,1,NA,NA,1,6,6,3,6,1,1,1,NA
Yans,0,0,0,0,1,1,0,5,NA,2,1,3,6,3,1,2,1,1,NA
Yao,0,0,0,0,1,1,0,2,4,NA,3,3,6,3,6,2,1,1,1
Yaqui,0,0,0,0,0,0,0,2,NA,1,1,6,7,6,6,1,1,1,NA
Sanga,0,0,0,0,NA,NA,NA,5,NA,NA,1,1,9,NA,1,NA,4,1,NA
Maquiritari,0,0,0,0,0,0,0,3,NA,2,3,6,8,3,6,1,1,1,NA
Yemeni,1,0,1,0,1,1,0,6,2,NA,1,1,7,6,1,4,4,2,4
Vili,0,0,0,0,1,1,0,5,NA,3,1,3,6,3,1,2,4,1,NA
Yucatec_Maya,0,0,0,0,1,0,1,1,NA,5,1,1,6,3,2,2,5,1,NA
Yukpa,0,0,0,0,0,0,0,2,NA,1,3,6,6,3,6,1,1,1,2
Zapotec,0,0,0,0,0,0,0,1,NA,1,1,6,6,3,6,NA,NA,1,4
Zigula,1,1,0,0,1,1,0,5,NA,NA,3,3,6,3,1,1,1,1,2
Zinza,0,0,0,0,0,0,0,5,NA,NA,1,1,6,3,1,4,4,1,2
Zulu,0,0,0,0,1,1,0,5,NA,5,1,1,6,3,1,4,4,1,NA
